/*!40101 SET NAMES utf8 */;

/*!40101 SET SQL_MODE=''*/;

/*!40014 SET @OLD_UNIQUE_CHECKS=@@UNIQUE_CHECKS, UNIQUE_CHECKS=0 */;
/*!40014 SET @OLD_FOREIGN_KEY_CHECKS=@@FOREIGN_KEY_CHECKS, FOREIGN_KEY_CHECKS=0 */;
/*!40101 SET @OLD_SQL_MODE=@@SQL_MODE, SQL_MODE='NO_AUTO_VALUE_ON_ZERO' */;
/*!40111 SET @OLD_SQL_NOTES=@@SQL_NOTES, SQL_NOTES=0 */;
CREATE DATABASE /*!32312 IF NOT EXISTS*/`szok` /*!40100 DEFAULT CHARACTER SET latin1 */;

DROP VIEW IF exists avaliableConferences;
CREATE VIEW avaliableConferences AS 
	select * from conferences c 
    where startDate > now(); 
    
  select conferenceID, count(partcipantsID)from conferenceMembers
  group by conferenceID;
  
DROP VIEW IF exists avaliableConferences;
CREATE VIEW avaliableConferences AS 
  
  WITH registeredUsers AS(
  select conferenceID, count(partcipantsID) cnt from conferenceMembers
  group by conferenceID)
  
  select c.*, reg.cnt from conferences c
  inner join registeredUsers reg
  on reg.conferenceID = c.ID
  where c.startDate > now() 
  and c.quantityLimit > reg.cnt;
  
  select * from avaliableconferences;
  

create table `conferences_history` (
	`historyID` int(11) auto_increment NOT NULL,
    `action` varchar(50) NOT NULL,
	`ID` int(11) NOT NULL,
	`name` varchar(50) NOT NULL,
    `place` varchar(50) NOT NULL,
    `startDate` datetime NOT NULL,
	`endDate` datetime NOT NULL,
    `quantityLimit` int(11),
    primary key (`historyID`));
    
DROP TRIGGER `conferences_after_insert`;
    
  DELIMITER //
CREATE TRIGGER `conferences_after_insert` AFTER INSERT ON `conferences`
FOR EACH ROW
BEGIN
	INSERT INTO `conferences_history`(`action`,`ID`,`name`,`place`,`startDate`,`endDate`,`quantityLimit`)
	VALUES('insert',NEW.`ID`, NEW.`name`,NEW.`place`,NEW.`startDate`,NEW.`endDate`,NEW.`quantityLimit`);
END //

DELIMITER ;


DROP TRIGGER `conferenceMembers_before_insert`;
DELIMITER //
CREATE TRIGGER `conferenceMembers_before_insert` BEFORE INSERT ON `conferencemembers`
FOR EACH ROW
BEGIN 
	DECLARE `count_check` int;
    select count(*) from avaliableconferences where ID = NEW.`conferenceID` into `count_check`;
	IF `count_check` = 0 then
		SIGNAL SQLSTATE '45000'
		SET MESSAGE_TEXT = 'We reached the limit of participants on this conference';
    END IF;    
END //
DELIMITER ;
  
  
  DROP PROCEDURE IF EXISTS addConferenceMember;

DELIMITER //
CREATE PROCEDURE addConferenceMember(
		IN conferenceID int(11),
		IN userID int(11),
        IN orderID int(11))
        
BEGIN
	DECLARE quantityLimit smallint(6);
    DECLARE avaliableSpotsParam int(11);
    SELECT avaliableSpots from conferences where ID = conferenceID
    into avaliableSpotsParam;
    
    IF avaliableSpotsParam = 0 THEN
		SIGNAL SQLSTATE '45000'
		SET MESSAGE_TEXT = 'there`s no spots in conference!';
    END IF;
    
    INSERT INTO `conferencemembers` (`partcipantsID`, `conferenceID`, `orderID`, `payed`)
    VALUES (userID , conferenceID, orderID, payed);
    
    UPDATE `conferences` SET `avaliableSpots` = avaliableSpotsParam - 1
    WHERE ID = conferenceID;
    
END //
DELIMITER ;

CALL addConferenceMember (12, 7, 90);

select * from conferenceMembers where conferenceID = 12
and partcipantsID = 7;

  
USE `szok`;

-- TABELA KONFERENCJI
DROP TABLE IF EXISTS `conferences`;
create table `conferences` (
	`ID` int(11) UNSIGNED AUTO_INCREMENT PRIMARY KEY,
	`name` varchar(50) NOT NULL,
    `place` varchar(50) NOT NULL,
    `startDate` datetime NOT NULL,
	`endDate` datetime NOT NULL,
    `quantityLimit` int(11),
    `avaliableSpots` int(11)
    );
  
INSERT INTO `conferences` (`ID`,`name`,`place`,`startDate`,`endDate`,`quantityLimit`,`avaliableSpots`) VALUES ('1','Young Swimmers','Krakow','2019-04-05 08:00:00','2019-04-07 20:00:00','250','202');
INSERT INTO `conferences` (`ID`,`name`,`place`,`startDate`,`endDate`,`quantityLimit`,`avaliableSpots`) VALUES ('2','IT in modern Poland','Glasgow','2019-05-10 08:00:00','2019-05-10 20:00:00','312','269');
INSERT INTO `conferences` (`ID`,`name`,`place`,`startDate`,`endDate`,`quantityLimit`,`avaliableSpots`) VALUES ('3','Konn PE','Shelton','2019-03-27 08:00:00','2019-03-28 20:00:00','1055','1010');
INSERT INTO `conferences` (`ID`,`name`,`place`,`startDate`,`endDate`,`quantityLimit`,`avaliableSpots`) VALUES ('4','Jodling','Evanston','2019-04-28 08:00:00','2019-04-28 20:00:00','162','106');
INSERT INTO `conferences` (`ID`,`name`,`place`,`startDate`,`endDate`,`quantityLimit`,`avaliableSpots`) VALUES ('5','Hiram','Elmira','2019-05-07 08:00:00','2019-05-08 20:00:00','171','130');
INSERT INTO `conferences` (`ID`,`name`,`place`,`startDate`,`endDate`,`quantityLimit`,`avaliableSpots`) VALUES ('6','Week with fashion','Paris','2019-07-15 08:00:00','2019-07-18 20:00:00','163', '126');
INSERT INTO `conferences` (`ID`,`name`,`place`,`startDate`,`endDate`,`quantityLimit`,`avaliableSpots`) VALUES ('7','Jamalia Show','Palos Verdes Estates','2019-05-27 08:00:00','2019-05-28 20:00:00','76', '23');
INSERT INTO `conferences` (`ID`,`name`,`place`,`startDate`,`endDate`,`quantityLimit`,`avaliableSpots`) VALUES ('8','Sade','Limanowa','2019-09-14 08:00:00','2019-09-15 20:00:00','112','70');
INSERT INTO `conferences` (`ID`,`name`,`place`,`startDate`,`endDate`,`quantityLimit`,`avaliableSpots`) VALUES ('9','Marketing with Animals','Two Rivers','2019-07-24 08:00:00','2019-07-25 20:00:00','866', '820');
INSERT INTO `conferences` (`ID`,`name`,`place`,`startDate`,`endDate`,`quantityLimit`,`avaliableSpots`) VALUES ('10','Smoking','Gold Beach','2019-09-10 08:00:00','2019-09-11 20:00:00','250', '212');
INSERT INTO `conferences` (`ID`,`name`,`place`,`startDate`,`endDate`,`quantityLimit`,`avaliableSpots`) VALUES ('11','Neville','San Clemente','2019-07-07 08:00:00','2019-07-10 20:00:00','800','768');
INSERT INTO `conferences` (`ID`,`name`,`place`,`startDate`,`endDate`,`quantityLimit`,`avaliableSpots`) VALUES ('12','Rubens 1999','Falls Church','2019-04-21 08:00:00','2019-04-22 20:00:00','450','444');
INSERT INTO `conferences` (`ID`,`name`,`place`,`startDate`,`endDate`,`quantityLimit`,`avaliableSpots`) VALUES ('13','Walkers in Nature','Sugar Land','2019-05-18 08:00:00','2019-05-19 20:00:00','276','218');
INSERT INTO `conferences` (`ID`,`name`,`place`,`startDate`,`endDate`,`quantityLimit`,`avaliableSpots`) VALUES ('14','Jason','Warren','2019-06-27 08:00:00','2019-06-27 20:00:00','829','779');
INSERT INTO `conferences` (`ID`,`name`,`place`,`startDate`,`endDate`,`quantityLimit`,`avaliableSpots`) VALUES ('15','Ivory Coast','Grand Forks','2019-07-05 08:00:00','2019-07-07 20:00:00','56','5');
INSERT INTO `conferences` (`ID`,`name`,`place`,`startDate`,`endDate`,`quantityLimit`,`avaliableSpots`) VALUES ('16','Dakota','Rocky Mount','2019-04-28 08:00:00','2019-04-29 20:00:00','250','205');
INSERT INTO `conferences` (`ID`,`name`,`place`,`startDate`,`endDate`,`quantityLimit`,`avaliableSpots`) VALUES ('17','Bike and Ski','Darlington','2019-04-17 08:00:00','2019-04-19 20:00:00','400','353');
INSERT INTO `conferences` (`ID`,`name`,`place`,`startDate`,`endDate`,`quantityLimit`,`avaliableSpots`) VALUES ('18','Valentine in Eastern Europe','Berlin','2020-04-21 08:00:00','2020-04-22 20:00:00','870','826');
INSERT INTO `conferences` (`ID`,`name`,`place`,`startDate`,`endDate`,`quantityLimit`,`avaliableSpots`) VALUES ('19','Medical for Science','South Burlington','2019-08-20 08:00:00','2019-08-21 20:00:00','690','650');
INSERT INTO `conferences` (`ID`,`name`,`place`,`startDate`,`endDate`,`quantityLimit`,`avaliableSpots`) VALUES ('20','Shoarma in western kitchen','Amman','2019-12-14 08:00:00','2019-12-15 20:00:00','40','2');
INSERT INTO `conferences` (`ID`,`name`,`place`,`startDate`,`endDate`,`quantityLimit`,`avaliableSpots`) VALUES ('21', 'New Horizon', 'Krakow', '2019-05-12 8:00:00', '2019-05-14 21:00:00', '60','23'); 
INSERT INTO `conferences` (`ID`,`name`,`place`,`startDate`,`endDate`,`quantityLimit`,`avaliableSpots`) VALUES ('22', 'CookBook', 'Opole', '2019-05-22 8:00:00', '2019-05-24 21:00:00', '80','32');   

-- TABELA WARSZTATÓW
DROP TABLE IF EXISTS `workshops`;
CREATE TABLE `workshops` (
	`ID` int(11) UNSIGNED AUTO_INCREMENT PRIMARY KEY,
	`worksopName` varchar(50) NOT NULL,
	`conferenceID` int(11) UNSIGNED,
    `workshopCapacity`int(10) NOT NULL,
    `workshopPrice` int(10) NOT NULL,
    `startTime` datetime NOT NULL,
    `endTime` datetime NOT NULL,
    `prelegentID` int(11) UNSIGNED,
	CONSTRAINT `confId_ibfk_1` FOREIGN KEY (`conferenceID`) REFERENCES `conferences` (`ID`),
	CONSTRAINT `prelegentID_ibfk_2` FOREIGN KEY (`prelegentID`) REFERENCES `prelegents` (`ID`)
    );
    
INSERT INTO `workshops` (`ID`,`worksopName`,`conferenceID`,`workshopCapacity`,`workshopPrice`,`startTime`,`endTime`,`prelegentID`) VALUES ('1','Lunea','17','386','74','2019-04-17 09:00:00','2019-04-17 11:00:00','13');   
INSERT INTO `workshops` (`ID`,`worksopName`,`conferenceID`,`workshopCapacity`,`workshopPrice`,`startTime`,`endTime`,`prelegentID`) VALUES ('2','Slade','14','984','98','2019-06-27 19:00:00','2019-06-27 20:00:00','83');
INSERT INTO `workshops` (`ID`,`worksopName`,`conferenceID`,`workshopCapacity`,`workshopPrice`,`startTime`,`endTime`,`prelegentID`) VALUES ('3','Alden','3','758','206','2019-03-27 12:00:00','2019-03-27 13:00:00','85');
INSERT INTO `workshops` (`ID`,`worksopName`,`conferenceID`,`workshopCapacity`,`workshopPrice`,`startTime`,`endTime`,`prelegentID`) VALUES ('4','Jasper','3','598','173','2019-03-27 13:00:00','2019-03-27 14:00:00','63');
INSERT INTO `workshops` (`ID`,`worksopName`,`conferenceID`,`workshopCapacity`,`workshopPrice`,`startTime`,`endTime`,`prelegentID`) VALUES ('5','Dante','9','272','126','2019-07-25 19:00:00','2019-07-25 20:00:00','1');
INSERT INTO `workshops` (`ID`,`worksopName`,`conferenceID`,`workshopCapacity`,`workshopPrice`,`startTime`,`endTime`,`prelegentID`) VALUES ('6','Jemima','4','634','53','2019-04-28 14:00:00','2019-04-28 15:00:00','17');
INSERT INTO `workshops` (`ID`,`worksopName`,`conferenceID`,`workshopCapacity`,`workshopPrice`,`startTime`,`endTime`,`prelegentID`) VALUES ('7','Abbot','13','992','143','2019-05-18 08:00:00','2019-05-18 12:20:00','73');
INSERT INTO `workshops` (`ID`,`worksopName`,`conferenceID`,`workshopCapacity`,`workshopPrice`,`startTime`,`endTime`,`prelegentID`) VALUES ('8','Brenden','5','422','75','2019-05-07 08:00:00','2019-05-07 10:00:00','43');
INSERT INTO `workshops` (`ID`,`worksopName`,`conferenceID`,`workshopCapacity`,`workshopPrice`,`startTime`,`endTime`,`prelegentID`) VALUES ('9','Dane','3','584','297','2019-03-27 17:00:00','2019-03-27 18:00:00','75');
INSERT INTO `workshops` (`ID`,`worksopName`,`conferenceID`,`workshopCapacity`,`workshopPrice`,`startTime`,`endTime`,`prelegentID`) VALUES ('10','Hyatt','10','854','50','2019-09-10 08:00:00','2019-09-10 11:00:00','95');
INSERT INTO `workshops` (`ID`,`worksopName`,`conferenceID`,`workshopCapacity`,`workshopPrice`,`startTime`,`endTime`,`prelegentID`) VALUES ('11','Jena','5','393','232','2019-05-07 10:00:00','2019-05-07 12:00:00','55');
INSERT INTO `workshops` (`ID`,`worksopName`,`conferenceID`,`workshopCapacity`,`workshopPrice`,`startTime`,`endTime`,`prelegentID`) VALUES ('12','Harrison','4','707','52','2019-04-28 09:00:00','2019-04-28 14:00:00','22');
INSERT INTO `workshops` (`ID`,`worksopName`,`conferenceID`,`workshopCapacity`,`workshopPrice`,`startTime`,`endTime`,`prelegentID`) VALUES ('13','Simone','1','844','263','2019-04-05 15:00:00','2019-04-05 16:30:00','39');
INSERT INTO `workshops` (`ID`,`worksopName`,`conferenceID`,`workshopCapacity`,`workshopPrice`,`startTime`,`endTime`,`prelegentID`) VALUES ('14','Kylynn','20','627','293','2019-12-14 08:00:00','2019-12-14 16:00:00','8');
INSERT INTO `workshops` (`ID`,`worksopName`,`conferenceID`,`workshopCapacity`,`workshopPrice`,`startTime`,`endTime`,`prelegentID`) VALUES ('15','Amery','5','222','205','2019-05-07 12:00:00','2019-05-07 14:00:00','20');
INSERT INTO `workshops` (`ID`,`worksopName`,`conferenceID`,`workshopCapacity`,`workshopPrice`,`startTime`,`endTime`,`prelegentID`) VALUES ('16','Wayne','1','661','250','2019-04-07 19:00:00','2019-04-07 20:00:00','4');
INSERT INTO `workshops` (`ID`,`worksopName`,`conferenceID`,`workshopCapacity`,`workshopPrice`,`startTime`,`endTime`,`prelegentID`) VALUES ('17','Lillith','6','301','295','2019-07-15 08:00:00','2019-07-15 12:00:00','1');
INSERT INTO `workshops` (`ID`,`worksopName`,`conferenceID`,`workshopCapacity`,`workshopPrice`,`startTime`,`endTime`,`prelegentID`) VALUES ('18','Sara','8','220','183','2019-09-15 01:00:00','2019-09-15 06:00:00','38');
INSERT INTO `workshops` (`ID`,`worksopName`,`conferenceID`,`workshopCapacity`,`workshopPrice`,`startTime`,`endTime`,`prelegentID`) VALUES ('19','Hoyt','8','399','113','2019-09-15 12:45:00','2019-09-15 20:00:00','25');
INSERT INTO `workshops` (`ID`,`worksopName`,`conferenceID`,`workshopCapacity`,`workshopPrice`,`startTime`,`endTime`,`prelegentID`) VALUES ('20','Quentin','17','237','146','2019-04-17 08:00:00','2019-04-17 12:00:00','79');
INSERT INTO `workshops` (`ID`,`worksopName`,`conferenceID`,`workshopCapacity`,`workshopPrice`,`startTime`,`endTime`,`prelegentID`) VALUES ('21','Elton','9','997','174','2019-07-24 08:00:00','2019-07-24 09:30:00','5');
INSERT INTO `workshops` (`ID`,`worksopName`,`conferenceID`,`workshopCapacity`,`workshopPrice`,`startTime`,`endTime`,`prelegentID`) VALUES ('22','Cherokee','9','107','261','2019-07-24 10:00:00','2019-07-24 12:00:00','25');
INSERT INTO `workshops` (`ID`,`worksopName`,`conferenceID`,`workshopCapacity`,`workshopPrice`,`startTime`,`endTime`,`prelegentID`) VALUES ('23','Brian','9','532','152','2019-07-24 12:20:00','2019-07-24 14:00:00','43');
INSERT INTO `workshops` (`ID`,`worksopName`,`conferenceID`,`workshopCapacity`,`workshopPrice`,`startTime`,`endTime`,`prelegentID`) VALUES ('24','Katell','5','791','230','2019-05-07 14:30:00','2019-05-07 16:00:00','78');
INSERT INTO `workshops` (`ID`,`worksopName`,`conferenceID`,`workshopCapacity`,`workshopPrice`,`startTime`,`endTime`,`prelegentID`) VALUES ('25','Candice','3','183','185','2019-03-28 08:00:00','2019-03-28 09:30:00','39');
INSERT INTO `workshops` (`ID`,`worksopName`,`conferenceID`,`workshopCapacity`,`workshopPrice`,`startTime`,`endTime`,`prelegentID`) VALUES ('26','Holly','7','226','207','2019-05-27 12:00:00','2019-05-27 13:00:00','69');
INSERT INTO `workshops` (`ID`,`worksopName`,`conferenceID`,`workshopCapacity`,`workshopPrice`,`startTime`,`endTime`,`prelegentID`) VALUES ('27','Zephania','19','140','298','2019-08-20 12:00:00','2019-08-20 14:00:00','42');
INSERT INTO `workshops` (`ID`,`worksopName`,`conferenceID`,`workshopCapacity`,`workshopPrice`,`startTime`,`endTime`,`prelegentID`) VALUES ('28','Carter','4','865','113','2019-04-28 14:30:00','2019-04-28 15:00:00','3');
INSERT INTO `workshops` (`ID`,`worksopName`,`conferenceID`,`workshopCapacity`,`workshopPrice`,`startTime`,`endTime`,`prelegentID`) VALUES ('29','Blake','8','485','207','2019-09-14 19:00:00','2019-09-14 20:00:00','79');
INSERT INTO `workshops` (`ID`,`worksopName`,`conferenceID`,`workshopCapacity`,`workshopPrice`,`startTime`,`endTime`,`prelegentID`) VALUES ('30','Tara','3','46','220','2019-03-27 14:00:00','2019-03-27 15:00:00','87');
INSERT INTO `workshops` (`ID`,`worksopName`,`conferenceID`,`workshopCapacity`,`workshopPrice`,`startTime`,`endTime`,`prelegentID`) VALUES ('31','Reece','17','29','289','2019-04-17 13:32:00','2019-04-17 15:00:00','38');
INSERT INTO `workshops` (`ID`,`worksopName`,`conferenceID`,`workshopCapacity`,`workshopPrice`,`startTime`,`endTime`,`prelegentID`) VALUES ('32','Hector','8','695','200','2019-09-14 12:00:00','2019-09-14 13:00:00','99');
INSERT INTO `workshops` (`ID`,`worksopName`,`conferenceID`,`workshopCapacity`,`workshopPrice`,`startTime`,`endTime`,`prelegentID`) VALUES ('33','Halla','12','910','174','2019-04-21 08:00:00','2019-04-21 16:00:00','59');
INSERT INTO `workshops` (`ID`,`worksopName`,`conferenceID`,`workshopCapacity`,`workshopPrice`,`startTime`,`endTime`,`prelegentID`) VALUES ('34','Fitzgerald','14','774','95','2019-03-03 00:00:00','2020-02-01 18:03:34','92');
INSERT INTO `workshops` (`ID`,`worksopName`,`conferenceID`,`workshopCapacity`,`workshopPrice`,`startTime`,`endTime`,`prelegentID`) VALUES ('35','Regina','6','305','116','2019-07-17 08:00:00','2019-07-17 13:00:00','92');
INSERT INTO `workshops` (`ID`,`worksopName`,`conferenceID`,`workshopCapacity`,`workshopPrice`,`startTime`,`endTime`,`prelegentID`) VALUES ('36','Asher','4','91','73','2019-04-28 18:30:00','2019-04-28 19:00:00','85');
INSERT INTO `workshops` (`ID`,`worksopName`,`conferenceID`,`workshopCapacity`,`workshopPrice`,`startTime`,`endTime`,`prelegentID`) VALUES ('37','Victoria','18','687','286','2020-04-21 08:00:00','2020-04-21 09:30:00','84');
INSERT INTO `workshops` (`ID`,`worksopName`,`conferenceID`,`workshopCapacity`,`workshopPrice`,`startTime`,`endTime`,`prelegentID`) VALUES ('38','Anthony','7','220','237','2019-05-27 14:20:00','2019-05-27 15:20:00','94');
INSERT INTO `workshops` (`ID`,`worksopName`,`conferenceID`,`workshopCapacity`,`workshopPrice`,`startTime`,`endTime`,`prelegentID`) VALUES ('39','Chase','3','539','74','2019-03-27 16:00:00','2019-03-27 17:20:00','62');
INSERT INTO `workshops` (`ID`,`worksopName`,`conferenceID`,`workshopCapacity`,`workshopPrice`,`startTime`,`endTime`,`prelegentID`) VALUES ('40','Boris','9','295','271','2019-07-24 16:00:00','2019-07-24 17:00:00','61');
INSERT INTO `workshops` (`ID`,`worksopName`,`conferenceID`,`workshopCapacity`,`workshopPrice`,`startTime`,`endTime`,`prelegentID`) VALUES ('41','Chastity','14','895','169','2019-06-27 12:00:00','2019-06-27 18:00:00','95');
INSERT INTO `workshops` (`ID`,`worksopName`,`conferenceID`,`workshopCapacity`,`workshopPrice`,`startTime`,`endTime`,`prelegentID`) VALUES ('42','Robin','11','126','270','2019-07-07 08:00:00','2019-07-07 20:00:00','64');
INSERT INTO `workshops` (`ID`,`worksopName`,`conferenceID`,`workshopCapacity`,`workshopPrice`,`startTime`,`endTime`,`prelegentID`) VALUES ('43','Walker','17','535','206','2019-04-17 15:00:00','2019-04-17 16:00:00','76');
INSERT INTO `workshops` (`ID`,`worksopName`,`conferenceID`,`workshopCapacity`,`workshopPrice`,`startTime`,`endTime`,`prelegentID`) VALUES ('44','Graham','14','115','190','2019-06-27 19:00:00','2019-06-27 20:00:00','43');
INSERT INTO `workshops` (`ID`,`worksopName`,`conferenceID`,`workshopCapacity`,`workshopPrice`,`startTime`,`endTime`,`prelegentID`) VALUES ('45','Alexander','16','560','189','2019-03-03 00:00:00','2019-07-13 02:28:56','85');
INSERT INTO `workshops` (`ID`,`worksopName`,`conferenceID`,`workshopCapacity`,`workshopPrice`,`startTime`,`endTime`,`prelegentID`) VALUES ('46','Carly','14','282','160','2019-06-27 11:00:00','2019-06-27 12:30:00','55');
INSERT INTO `workshops` (`ID`,`worksopName`,`conferenceID`,`workshopCapacity`,`workshopPrice`,`startTime`,`endTime`,`prelegentID`) VALUES ('47','Solomon','13','242','239','2019-05-18 14:00:00','2019-05-18 15:00:00','11');
INSERT INTO `workshops` (`ID`,`worksopName`,`conferenceID`,`workshopCapacity`,`workshopPrice`,`startTime`,`endTime`,`prelegentID`) VALUES ('48','Carson','12','662','117','2019-04-22 08:00:00','2019-04-22 10:00:00','45');
INSERT INTO `workshops` (`ID`,`worksopName`,`conferenceID`,`workshopCapacity`,`workshopPrice`,`startTime`,`endTime`,`prelegentID`) VALUES ('49','Elliott','5','281','254','2019-05-07 17:00:00','2019-05-07 18:00:00','84');
INSERT INTO `workshops` (`ID`,`worksopName`,`conferenceID`,`workshopCapacity`,`workshopPrice`,`startTime`,`endTime`,`prelegentID`) VALUES ('50','Wxyz','2','120','122','2019-05-10 08:00:00','2019-05-10 09:00:00','34');
INSERT INTO `workshops` (`ID`,`worksopName`,`conferenceID`,`workshopCapacity`,`workshopPrice`,`startTime`,`endTime`,`prelegentID`) VALUES ('51','Zxyw','2','40','555','2019-05-10 09:00:00','2019-05-10 10:00:00','23');
INSERT INTO `workshops` (`ID`,`worksopName`,`conferenceID`,`workshopCapacity`,`workshopPrice`,`startTime`,`endTime`,`prelegentID`) VALUES ('52','Wyzc','2','90','433','2019-05-10 12:00:00','2019-05-10 12:00:00','80');
INSERT INTO `workshops` (`ID`,`worksopName`,`conferenceID`,`workshopCapacity`,`workshopPrice`,`startTime`,`endTime`,`prelegentID`) VALUES ('53','BLaBlA','10','824','60','2019-09-10 12:00:00','2019-09-10 14:00:00','15');
INSERT INTO `workshops` (`ID`,`worksopName`,`conferenceID`,`workshopCapacity`,`workshopPrice`,`startTime`,`endTime`,`prelegentID`) VALUES ('54','Blabakl2','11','326','200','2019-07-09 08:00:00','2019-07-09 12:00:00','64');
INSERT INTO `workshops` (`ID`,`worksopName`,`conferenceID`,`workshopCapacity`,`workshopPrice`,`startTime`,`endTime`,`prelegentID`) VALUES ('55','Blabak AAA','15','426','120','2019-07-05 12:00:00','2019-07-05 13:00:00','2');
INSERT INTO `workshops` (`ID`,`worksopName`,`conferenceID`,`workshopCapacity`,`workshopPrice`,`startTime`,`endTime`,`prelegentID`) VALUES ('56','ZZZZZ ZZZZZ','15','26','245','2019-07-05 13:00:00','2019-07-05 14:00:00','29');
INSERT INTO `workshops` (`ID`,`worksopName`,`conferenceID`,`workshopCapacity`,`workshopPrice`,`startTime`,`endTime`,`prelegentID`) VALUES ('57','OOOO OOOOo','15','126','230','2019-07-05 15:00:00','2019-07-05 16:30:00','63');
INSERT INTO `workshops` (`ID`,`worksopName`,`conferenceID`,`workshopCapacity`,`workshopPrice`,`startTime`,`endTime`,`prelegentID`) VALUES ('58','asdasd OOOOo','16','226','140','2019-04-28 12:00:00','2019-04-28 12:45:00','17');
INSERT INTO `workshops` (`ID`,`worksopName`,`conferenceID`,`workshopCapacity`,`workshopPrice`,`startTime`,`endTime`,`prelegentID`) VALUES ('59','aZXCzxc OOOOo','16','234','159','2019-04-28 13:00:00','2019-04-28 14:45:00','12');
    
-- TABELA PRELEKCJI
DROP TABLE IF EXISTS `lectures`;
CREATE TABLE `lectures` (
`ID` int(11) UNSIGNED auto_increment primary key,
`name` varchar(50) not null,
`conferenceID` int(11) UNSIGNED,
`prelegentID` int(11) UNSIGNED,
`startTime` datetime not null,
`endTime` datetime not null,
CONSTRAINT `lectures_prelegents_fk` FOREIGN KEY (`prelegentID`) REFERENCES `prelegents` (`ID`), 	
CONSTRAINT `lectures_conferences_fk` FOREIGN KEY (`conferenceID`) REFERENCES `conferences` (`ID`) ) ;

INSERT INTO `lectures` (`ID`,`name`,`conferenceID`,`prelegentID`,`startTime`,`endTime`) VALUES ('1','lacinia vitae, sodales at,','6','37','2019-07-15 09:30:00','2019-07-15 12:00:00');
INSERT INTO `lectures` (`ID`,`name`,`conferenceID`,`prelegentID`,`startTime`,`endTime`) VALUES ('2','ante. Maecenas mi felis,','7','36','2019-05-27 11:00:00','2018-27-05 13:00:00');
INSERT INTO `lectures` (`ID`,`name`,`conferenceID`,`prelegentID`,`startTime`,`endTime`) VALUES ('3','egestas lacinia. Sed congue,','5','16','2019-05-08 12:00:00','2019-05-08 14:30:00');
INSERT INTO `lectures` (`ID`,`name`,`conferenceID`,`prelegentID`,`startTime`,`endTime`) VALUES ('4','cubilia Curae; Donec tincidunt.','6','31','2019-07-15 9:30:00','2019-07-15 11:30:00');
INSERT INTO `lectures` (`ID`,`name`,`conferenceID`,`prelegentID`,`startTime`,`endTime`) VALUES ('5','sit amet, consectetuer adipiscing','10','25','2019-09-10 14:00:00','2019-09-10 16:00:00');
INSERT INTO `lectures` (`ID`,`name`,`conferenceID`,`prelegentID`,`startTime`,`endTime`) VALUES ('6','Suspendisse sed dolor. Fusce','7','29','2019-05-27 13:30:00','2019-05-27 15:45:00');
INSERT INTO `lectures` (`ID`,`name`,`conferenceID`,`prelegentID`,`startTime`,`endTime`) VALUES ('7','id magna et ipsum','14','4','2019-06-27 10:30:00','2019-06-27 13:00:00');
INSERT INTO `lectures` (`ID`,`name`,`conferenceID`,`prelegentID`,`startTime`,`endTime`) VALUES ('8','eleifend, nunc risus varius','1','92','2019-04-05 11:50:00','2019-04-05 14:30:00');
INSERT INTO `lectures` (`ID`,`name`,`conferenceID`,`prelegentID`,`startTime`,`endTime`) VALUES ('9','Donec consectetuer mauris id','6','85','2019-07-15 09:45:00','2019-07-15 11:15:00');
INSERT INTO `lectures` (`ID`,`name`,`conferenceID`,`prelegentID`,`startTime`,`endTime`) VALUES ('10','sodales purus, in molestie','5','6','2019-05-07 10:30:00','2019-05-07 11:30:00');
INSERT INTO `lectures` (`ID`,`name`,`conferenceID`,`prelegentID`,`startTime`,`endTime`) VALUES ('11','Aliquam gravida mauris ut','12','32','2019-04-21 16:00:00','2019-04-21 18:00:00');
INSERT INTO `lectures` (`ID`,`name`,`conferenceID`,`prelegentID`,`startTime`,`endTime`) VALUES ('12','pharetra. Quisque ac libero','10','66','2019-09-11 10:15:00','2019-09-11 12:30:00');
INSERT INTO `lectures` (`ID`,`name`,`conferenceID`,`prelegentID`,`startTime`,`endTime`) VALUES ('13','lobortis ultrices. Vivamus rhoncus.','5','89','2019-05-07 16:30:00','2019-05-07 18:30:00');
INSERT INTO `lectures` (`ID`,`name`,`conferenceID`,`prelegentID`,`startTime`,`endTime`) VALUES ('14','netus et malesuada fames','20','19','2019-12-14 10:50:00','2019-12-14 12:30:00');
INSERT INTO `lectures` (`ID`,`name`,`conferenceID`,`prelegentID`,`startTime`,`endTime`) VALUES ('15','aliquam eros turpis non','16','64','2019-04-28 11:20:00','2019-04-28 12:45:00');
INSERT INTO `lectures` (`ID`,`name`,`conferenceID`,`prelegentID`,`startTime`,`endTime`) VALUES ('16','Nulla aliquet. Proin velit.','6','97','2019-07-15 10:00:00','2019-07-15 12:00:00');
INSERT INTO `lectures` (`ID`,`name`,`conferenceID`,`prelegentID`,`startTime`,`endTime`) VALUES ('17','penatibus et magnis dis','17','62','2019-04-17 14:00:00','2019-04-17 16:20:00');
INSERT INTO `lectures` (`ID`,`name`,`conferenceID`,`prelegentID`,`startTime`,`endTime`) VALUES ('18','urna. Nunc quis arcu','5','66','2019-05-08 15:00:00','2019-05-08 17:00:00');
INSERT INTO `lectures` (`ID`,`name`,`conferenceID`,`prelegentID`,`startTime`,`endTime`) VALUES ('19','malesuada vel, venenatis vel,','18','95','2020-04-21 11:00:00','2020-04-21 15:00:00');
INSERT INTO `lectures` (`ID`,`name`,`conferenceID`,`prelegentID`,`startTime`,`endTime`) VALUES ('20','lorem ipsum sodales purus,','8','16','2019-09-14 11:00:00','2019-09-14 12:45:00');
INSERT INTO `lectures` (`ID`,`name`,`conferenceID`,`prelegentID`,`startTime`,`endTime`) VALUES ('21','Proin vel nisl. Quisque','7','72','2019-05-27 11:15:00','2019-05-27 13:35:00');
INSERT INTO `lectures` (`ID`,`name`,`conferenceID`,`prelegentID`,`startTime`,`endTime`) VALUES ('22','In lorem. Donec elementum,','14','20','2019-06-27 11:30:00','2019-06-27 14:20:00');
INSERT INTO `lectures` (`ID`,`name`,`conferenceID`,`prelegentID`,`startTime`,`endTime`) VALUES ('23','dui lectus rutrum urna,','8','44','2019-09-14 17:00:00','2019-09-14 19:00:00');
INSERT INTO `lectures` (`ID`,`name`,`conferenceID`,`prelegentID`,`startTime`,`endTime`) VALUES ('24','Nullam feugiat placerat velit.','5','41','2019-05-07 14:00:00','2019-05-07 16:00:00');
INSERT INTO `lectures` (`ID`,`name`,`conferenceID`,`prelegentID`,`startTime`,`endTime`) VALUES ('25','eros non enim commodo','8','16','2019-09-14 16:00:00','2019-09-14 18:50:00');
INSERT INTO `lectures` (`ID`,`name`,`conferenceID`,`prelegentID`,`startTime`,`endTime`) VALUES ('26','molestie in, tempus eu,','16','41','2019-04-29 11:20:00','2019-04-29 14:20:00');
INSERT INTO `lectures` (`ID`,`name`,`conferenceID`,`prelegentID`,`startTime`,`endTime`) VALUES ('27','Maecenas libero est, congue','9','22','2019-07-24 14:05:00','2019-07-24 17:05:00');
INSERT INTO `lectures` (`ID`,`name`,`conferenceID`,`prelegentID`,`startTime`,`endTime`) VALUES ('28','magna. Lorem ipsum dolor','3','47','2019-03-27 17:45:00','2019-03-27 19:55:00');
INSERT INTO `lectures` (`ID`,`name`,`conferenceID`,`prelegentID`,`startTime`,`endTime`) VALUES ('29','Curabitur ut odio vel','16','35','2019-04-28 14:00:00','2019-04-28 16:50:00');
INSERT INTO `lectures` (`ID`,`name`,`conferenceID`,`prelegentID`,`startTime`,`endTime`) VALUES ('30','velit. Quisque varius. Nam','5','70','2019-05-08 09:45:00','2019-05-08 11:15:00');
INSERT INTO `lectures` (`ID`,`name`,`conferenceID`,`prelegentID`,`startTime`,`endTime`) VALUES ('31','ante, iaculis nec, eleifend','16','2','2019-04-28 11:00:00','2019-04-28 14:40:00');
INSERT INTO `lectures` (`ID`,`name`,`conferenceID`,`prelegentID`,`startTime`,`endTime`) VALUES ('32','augue. Sed molestie. Sed','13','68','2019-05-18 10:00:00','2019-05-18 14:00:00');
INSERT INTO `lectures` (`ID`,`name`,`conferenceID`,`prelegentID`,`startTime`,`endTime`) VALUES ('33','eu augue porttitor interdum.','2','3','2019-05-10 09:45:00','2019-15-10 12:00:00');
INSERT INTO `lectures` (`ID`,`name`,`conferenceID`,`prelegentID`,`startTime`,`endTime`) VALUES ('34','eget mollis lectus pede','10','24','2019-09-11 12:00:00','2019-09-11 14:00:00');
INSERT INTO `lectures` (`ID`,`name`,`conferenceID`,`prelegentID`,`startTime`,`endTime`) VALUES ('35','nibh. Aliquam ornare, libero','2','60','2019-05-10 11:45:00','2019-05-10 14:00:00');
INSERT INTO `lectures` (`ID`,`name`,`conferenceID`,`prelegentID`,`startTime`,`endTime`) VALUES ('36','tempor bibendum. Donec felis','6','35','2019-07-18 11:30:00','2019-07-18 12:30:25');
INSERT INTO `lectures` (`ID`,`name`,`conferenceID`,`prelegentID`,`startTime`,`endTime`) VALUES ('37','morbi tristique senectus et','9','78','2019-07-24 10:00:00','2019-07-24 12:45:00');
INSERT INTO `lectures` (`ID`,`name`,`conferenceID`,`prelegentID`,`startTime`,`endTime`) VALUES ('38','ac turpis egestas. Fusce','5','92','2019-05-07 14:00:00','2019-05-07 16:30:00');
INSERT INTO `lectures` (`ID`,`name`,`conferenceID`,`prelegentID`,`startTime`,`endTime`) VALUES ('39','vulputate mauris sagittis placerat.','13','69','2019-05-18 13:00:00','2019-05-18 15:50:00');
INSERT INTO `lectures` (`ID`,`name`,`conferenceID`,`prelegentID`,`startTime`,`endTime`) VALUES ('40','Suspendisse commodo tincidunt nibh.','1','94','2019-04-07 11:00:00','2019-04-07 15:00:00');

-- TABELA PRELEGENTÓW
DROP TABLE IF EXISTS `prelegents`;
CREATE TABLE `prelegents` (
`ID` int(11) UNSIGNED AUTO_INCREMENT PRIMARY KEY,
`firstName` varchar(50) NOT NULL,
`secondName` varchar(50) NOT NULL,
`cost` decimal(10,2) NOT NULL);

INSERT INTO `prelegents` (`ID`,`firstName`,`secondName`,`cost`) VALUES ('1','Coby','Chava','425');
INSERT INTO `prelegents` (`ID`,`firstName`,`secondName`,`cost`) VALUES ('2','Simon','Ashely','343');
INSERT INTO `prelegents` (`ID`,`firstName`,`secondName`,`cost`) VALUES ('3','Lenore','Lael','231');
INSERT INTO `prelegents` (`ID`,`firstName`,`secondName`,`cost`) VALUES ('4','Edward','Remedios','889');
INSERT INTO `prelegents` (`ID`,`firstName`,`secondName`,`cost`) VALUES ('5','Fuller','Mallory','501');
INSERT INTO `prelegents` (`ID`,`firstName`,`secondName`,`cost`) VALUES ('6','Olga','Tatum','391');
INSERT INTO `prelegents` (`ID`,`firstName`,`secondName`,`cost`) VALUES ('7','Genevieve','Deborah','801');
INSERT INTO `prelegents` (`ID`,`firstName`,`secondName`,`cost`) VALUES ('8','Hilel','Deirdre','927');
INSERT INTO `prelegents` (`ID`,`firstName`,`secondName`,`cost`) VALUES ('9','Lydia','Raya','787');
INSERT INTO `prelegents` (`ID`,`firstName`,`secondName`,`cost`) VALUES ('10','Pamela','Brielle','487');
INSERT INTO `prelegents` (`ID`,`firstName`,`secondName`,`cost`) VALUES ('11','Andrew','Guinevere','630');
INSERT INTO `prelegents` (`ID`,`firstName`,`secondName`,`cost`) VALUES ('12','Gabriel','Chloe','687');
INSERT INTO `prelegents` (`ID`,`firstName`,`secondName`,`cost`) VALUES ('13','Karen','Rebecca','319');
INSERT INTO `prelegents` (`ID`,`firstName`,`secondName`,`cost`) VALUES ('14','Kirby','Aphrodite','946');
INSERT INTO `prelegents` (`ID`,`firstName`,`secondName`,`cost`) VALUES ('15','Hu','Inez','635');
INSERT INTO `prelegents` (`ID`,`firstName`,`secondName`,`cost`) VALUES ('16','Rebekah','Britanni','561');
INSERT INTO `prelegents` (`ID`,`firstName`,`secondName`,`cost`) VALUES ('17','Alfreda','Juliet','748');
INSERT INTO `prelegents` (`ID`,`firstName`,`secondName`,`cost`) VALUES ('18','Rama','Sopoline','936');
INSERT INTO `prelegents` (`ID`,`firstName`,`secondName`,`cost`) VALUES ('19','Nadine','Karyn','755');
INSERT INTO `prelegents` (`ID`,`firstName`,`secondName`,`cost`) VALUES ('20','Igor','Darryl','849');
INSERT INTO `prelegents` (`ID`,`firstName`,`secondName`,`cost`) VALUES ('21','Ramona','Evelyn','311');
INSERT INTO `prelegents` (`ID`,`firstName`,`secondName`,`cost`) VALUES ('22','Ferdinand','Mara','462');
INSERT INTO `prelegents` (`ID`,`firstName`,`secondName`,`cost`) VALUES ('23','Uta','Brynn','283');
INSERT INTO `prelegents` (`ID`,`firstName`,`secondName`,`cost`) VALUES ('24','Audrey','Naida','334');
INSERT INTO `prelegents` (`ID`,`firstName`,`secondName`,`cost`) VALUES ('25','Adam','Bell','652');
INSERT INTO `prelegents` (`ID`,`firstName`,`secondName`,`cost`) VALUES ('26','Kiona','Sybill','749');
INSERT INTO `prelegents` (`ID`,`firstName`,`secondName`,`cost`) VALUES ('27','Abigail','Ulla','323');
INSERT INTO `prelegents` (`ID`,`firstName`,`secondName`,`cost`) VALUES ('28','Myra','Nichole','221');
INSERT INTO `prelegents` (`ID`,`firstName`,`secondName`,`cost`) VALUES ('29','Lois','Illiana','609');
INSERT INTO `prelegents` (`ID`,`firstName`,`secondName`,`cost`) VALUES ('30','Emma','Robin','790');
INSERT INTO `prelegents` (`ID`,`firstName`,`secondName`,`cost`) VALUES ('31','Bo','Lynn','212');
INSERT INTO `prelegents` (`ID`,`firstName`,`secondName`,`cost`) VALUES ('32','Deanna','Tashya','704');
INSERT INTO `prelegents` (`ID`,`firstName`,`secondName`,`cost`) VALUES ('33','Laurel','Selma','806');
INSERT INTO `prelegents` (`ID`,`firstName`,`secondName`,`cost`) VALUES ('34','Moses','Tatum','551');
INSERT INTO `prelegents` (`ID`,`firstName`,`secondName`,`cost`) VALUES ('35','Sheila','Uma','626');
INSERT INTO `prelegents` (`ID`,`firstName`,`secondName`,`cost`) VALUES ('36','Hyacinth','Julie','534');
INSERT INTO `prelegents` (`ID`,`firstName`,`secondName`,`cost`) VALUES ('37','Bethany','Justine','465');
INSERT INTO `prelegents` (`ID`,`firstName`,`secondName`,`cost`) VALUES ('38','Demetrius','Cassady','220');
INSERT INTO `prelegents` (`ID`,`firstName`,`secondName`,`cost`) VALUES ('39','Echo','Rachel','527');
INSERT INTO `prelegents` (`ID`,`firstName`,`secondName`,`cost`) VALUES ('40','Regina','April','371');
INSERT INTO `prelegents` (`ID`,`firstName`,`secondName`,`cost`) VALUES ('41','Keith','Charlotte','840');
INSERT INTO `prelegents` (`ID`,`firstName`,`secondName`,`cost`) VALUES ('42','Kieran','Jana','764');
INSERT INTO `prelegents` (`ID`,`firstName`,`secondName`,`cost`) VALUES ('43','Chaim','Adena','629');
INSERT INTO `prelegents` (`ID`,`firstName`,`secondName`,`cost`) VALUES ('44','Veronica','Nerea','556');
INSERT INTO `prelegents` (`ID`,`firstName`,`secondName`,`cost`) VALUES ('45','Haley','Lana','488');
INSERT INTO `prelegents` (`ID`,`firstName`,`secondName`,`cost`) VALUES ('46','Thomas','Wynne','863');
INSERT INTO `prelegents` (`ID`,`firstName`,`secondName`,`cost`) VALUES ('47','Fleur','Ann','439');
INSERT INTO `prelegents` (`ID`,`firstName`,`secondName`,`cost`) VALUES ('48','Maya','Ginger','565');
INSERT INTO `prelegents` (`ID`,`firstName`,`secondName`,`cost`) VALUES ('49','Montana','Madison','377');
INSERT INTO `prelegents` (`ID`,`firstName`,`secondName`,`cost`) VALUES ('50','Basia','Indira','429');
INSERT INTO `prelegents` (`ID`,`firstName`,`secondName`,`cost`) VALUES ('51','Erich','Velma','570');
INSERT INTO `prelegents` (`ID`,`firstName`,`secondName`,`cost`) VALUES ('52','Bevis','Kalia','912');
INSERT INTO `prelegents` (`ID`,`firstName`,`secondName`,`cost`) VALUES ('53','Roary','Melyssa','917');
INSERT INTO `prelegents` (`ID`,`firstName`,`secondName`,`cost`) VALUES ('54','Gemma','MacKensie','669');
INSERT INTO `prelegents` (`ID`,`firstName`,`secondName`,`cost`) VALUES ('55','Rebekah','Xandra','302');
INSERT INTO `prelegents` (`ID`,`firstName`,`secondName`,`cost`) VALUES ('56','Calvin','Sophia','268');
INSERT INTO `prelegents` (`ID`,`firstName`,`secondName`,`cost`) VALUES ('57','Yoko','Claire','316');
INSERT INTO `prelegents` (`ID`,`firstName`,`secondName`,`cost`) VALUES ('58','Drew','Shelby','570');
INSERT INTO `prelegents` (`ID`,`firstName`,`secondName`,`cost`) VALUES ('59','Orli','Kyra','250');
INSERT INTO `prelegents` (`ID`,`firstName`,`secondName`,`cost`) VALUES ('60','Willa','Mariko','567');
INSERT INTO `prelegents` (`ID`,`firstName`,`secondName`,`cost`) VALUES ('61','Dara','Velma','509');
INSERT INTO `prelegents` (`ID`,`firstName`,`secondName`,`cost`) VALUES ('62','Nicole','Allegra','890');
INSERT INTO `prelegents` (`ID`,`firstName`,`secondName`,`cost`) VALUES ('63','Levi','Shaine','613');
INSERT INTO `prelegents` (`ID`,`firstName`,`secondName`,`cost`) VALUES ('64','Jonah','Chiquita','284');
INSERT INTO `prelegents` (`ID`,`firstName`,`secondName`,`cost`) VALUES ('65','August','Yolanda','254');
INSERT INTO `prelegents` (`ID`,`firstName`,`secondName`,`cost`) VALUES ('66','Claudia','Brynne','951');
INSERT INTO `prelegents` (`ID`,`firstName`,`secondName`,`cost`) VALUES ('67','Elizabeth','Bo','306');
INSERT INTO `prelegents` (`ID`,`firstName`,`secondName`,`cost`) VALUES ('68','Ingrid','Ima','987');
INSERT INTO `prelegents` (`ID`,`firstName`,`secondName`,`cost`) VALUES ('69','Tatiana','Britanney','613');
INSERT INTO `prelegents` (`ID`,`firstName`,`secondName`,`cost`) VALUES ('70','Wylie','Astra','312');
INSERT INTO `prelegents` (`ID`,`firstName`,`secondName`,`cost`) VALUES ('71','Ignacia','Gillian','255');
INSERT INTO `prelegents` (`ID`,`firstName`,`secondName`,`cost`) VALUES ('72','Risa','Alexandra','281');
INSERT INTO `prelegents` (`ID`,`firstName`,`secondName`,`cost`) VALUES ('73','Mia','Marah','955');
INSERT INTO `prelegents` (`ID`,`firstName`,`secondName`,`cost`) VALUES ('74','Charles','Bo','304');
INSERT INTO `prelegents` (`ID`,`firstName`,`secondName`,`cost`) VALUES ('75','Ella','Cheyenne','286');
INSERT INTO `prelegents` (`ID`,`firstName`,`secondName`,`cost`) VALUES ('76','Grace','Ina','389');
INSERT INTO `prelegents` (`ID`,`firstName`,`secondName`,`cost`) VALUES ('77','Emery','Nadine','475');
INSERT INTO `prelegents` (`ID`,`firstName`,`secondName`,`cost`) VALUES ('78','Ina','Briar','783');
INSERT INTO `prelegents` (`ID`,`firstName`,`secondName`,`cost`) VALUES ('79','Hu','Aimee','879');
INSERT INTO `prelegents` (`ID`,`firstName`,`secondName`,`cost`) VALUES ('80','Veda','Yoko','938');
INSERT INTO `prelegents` (`ID`,`firstName`,`secondName`,`cost`) VALUES ('81','Ashton','Inga','391');
INSERT INTO `prelegents` (`ID`,`firstName`,`secondName`,`cost`) VALUES ('82','Byron','Colleen','408');
INSERT INTO `prelegents` (`ID`,`firstName`,`secondName`,`cost`) VALUES ('83','Daquan','Stella','902');
INSERT INTO `prelegents` (`ID`,`firstName`,`secondName`,`cost`) VALUES ('84','Charde','Anne','988');
INSERT INTO `prelegents` (`ID`,`firstName`,`secondName`,`cost`) VALUES ('85','Fallon','Hedwig','335');
INSERT INTO `prelegents` (`ID`,`firstName`,`secondName`,`cost`) VALUES ('86','Ignacia','Ocean','647');
INSERT INTO `prelegents` (`ID`,`firstName`,`secondName`,`cost`) VALUES ('87','McKenzie','Adrienne','391');
INSERT INTO `prelegents` (`ID`,`firstName`,`secondName`,`cost`) VALUES ('88','Abdul','Jenette','483');
INSERT INTO `prelegents` (`ID`,`firstName`,`secondName`,`cost`) VALUES ('89','Oren','Shellie','495');
INSERT INTO `prelegents` (`ID`,`firstName`,`secondName`,`cost`) VALUES ('90','Laurel','Rhea','476');
INSERT INTO `prelegents` (`ID`,`firstName`,`secondName`,`cost`) VALUES ('91','Julian','Shoshana','794');
INSERT INTO `prelegents` (`ID`,`firstName`,`secondName`,`cost`) VALUES ('92','Paloma','Zorita','959');
INSERT INTO `prelegents` (`ID`,`firstName`,`secondName`,`cost`) VALUES ('93','Abbot','Demetria','859');
INSERT INTO `prelegents` (`ID`,`firstName`,`secondName`,`cost`) VALUES ('94','Suki','Jael','908');
INSERT INTO `prelegents` (`ID`,`firstName`,`secondName`,`cost`) VALUES ('95','Simone','Patience','389');
INSERT INTO `prelegents` (`ID`,`firstName`,`secondName`,`cost`) VALUES ('96','Ali','Cassady','960');
INSERT INTO `prelegents` (`ID`,`firstName`,`secondName`,`cost`) VALUES ('97','Leo','Sacha','968');
INSERT INTO `prelegents` (`ID`,`firstName`,`secondName`,`cost`) VALUES ('98','Samantha','Sade','520');
INSERT INTO `prelegents` (`ID`,`firstName`,`secondName`,`cost`) VALUES ('99','Chantale','Latifah','403');
INSERT INTO `prelegents` (`ID`,`firstName`,`secondName`,`cost`) VALUES ('100','Kiona','Brynn','231');


-- TABELA KLIENTÓW
DROP TABLE IF EXISTS `clients`;
CREATE TABLE `clients` (
  `ID` int(11) UNSIGNED AUTO_INCREMENT PRIMARY KEY,
  `name` varchar(50) NOT NULL,
  `discount` int(11) default 0
);
insert into clients (ID, name, discount) values (1, 'Demimbu', 12.9);
insert into clients (ID, name, discount) values (2, 'Rhybox', 7.6);
insert into clients (ID, name, discount) values (3, 'Izio', 43.5);
insert into clients (ID, name, discount) values (4, 'Yata', 16.6);
insert into clients (ID, name, discount) values (5, 'Kaymbo', 13.4);
insert into clients (ID, name, discount) values (6, 'InnoZ', 6.9);
insert into clients (ID, name, discount) values (7, 'Trupe', 28.7);
insert into clients (ID, name, discount) values (8, 'Blogtag', 47.1);
insert into clients (ID, name, discount) values (9, 'Fliptune', 14.1);
insert into clients (ID, name, discount) values (10, 'Meejo', 8.8);
insert into clients (ID, name, discount) values (11, 'Skimia', 14.0);
insert into clients (ID, name, discount) values (12, 'Fiveclub', 39.2);
insert into clients (ID, name, discount) values (13, 'Realfire', 41.7);
insert into clients (ID, name, discount) values (14, 'Zoomcast', 31.4);
insert into clients (ID, name, discount) values (15, 'Kazu', 11.8);
insert into clients (ID, name, discount) values (16, 'Jaxworks', 27.4);
insert into clients (ID, name, discount) values (17, 'Tekfly', 28.9);
insert into clients (ID, name, discount) values (18, 'Dynazzy', 30.3);
insert into clients (ID, name, discount) values (19, 'Avamba', 5.6);
insert into clients (ID, name, discount) values (20, 'Chatterbridge', 12.8);
insert into clients (ID, name, discount) values (21, 'Mymm', 6.6);
insert into clients (ID, name, discount) values (22, 'Abata', 7.5);
insert into clients (ID, name, discount) values (23, 'Skimia', 45.8);
insert into clients (ID, name, discount) values (24, 'Agivu', 8.3);
insert into clients (ID, name, discount) values (25, 'Mynte', 23.9);
insert into clients (ID, name, discount) values (26, 'Janyx', 28.1);
insert into clients (ID, name, discount) values (27, 'Oloo', 16.7);
insert into clients (ID, name, discount) values (28, 'Yakitri', 12.3);
insert into clients (ID, name, discount) values (29, 'Ooba', 32.0);
insert into clients (ID, name, discount) values (30, 'Eidel', 41.2);
insert into clients (ID, name, discount) values (31, 'Centidel', 12.0);
insert into clients (ID, name, discount) values (32, 'Jaxnation', 9.1);
insert into clients (ID, name, discount) values (33, 'Blognation', 39.7);
insert into clients (ID, name, discount) values (34, 'Edgeify', 10.6);
insert into clients (ID, name, discount) values (35, 'Linklinks', 34.8);
insert into clients (ID, name, discount) values (36, 'Twitterbeat', 28.7);
insert into clients (ID, name, discount) values (37, 'Izio', 10.1);
insert into clients (ID, name, discount) values (38, 'InnoZ', 14.1);
insert into clients (ID, name, discount) values (39, 'Twitterbeat', 33.1);
insert into clients (ID, name, discount) values (40, 'Mita', 7.5);
insert into clients (ID, name, discount) values (41, 'Zoonder', 19.4);
insert into clients (ID, name, discount) values (42, 'Bubbletube', 24.2);
insert into clients (ID, name, discount) values (43, 'Feedmix', 27.0);
insert into clients (ID, name, discount) values (44, 'Eare', 3.1);
insert into clients (ID, name, discount) values (45, 'Zoonder', 38.8);
insert into clients (ID, name, discount) values (46, 'Zoombeat', 32.1);
insert into clients (ID, name, discount) values (47, 'Dabfeed', 18.8);
insert into clients (ID, name, discount) values (48, 'Vitz', 44.4);
insert into clients (ID, name, discount) values (49, 'Babbleopia', 46.7);
insert into clients (ID, name, discount) values (50, 'Buzzdog', 21.3);
insert into clients (ID, name, discount) values (51, 'Riffwire', 48.0);
insert into clients (ID, name, discount) values (52, 'Jatri', 5.2);
insert into clients (ID, name, discount) values (53, 'Teklist', 30.4);
insert into clients (ID, name, discount) values (54, 'Twitternation', 14.7);
insert into clients (ID, name, discount) values (55, 'Gevee', 29.1);
insert into clients (ID, name, discount) values (56, 'InnoZ', 41.5);
insert into clients (ID, name, discount) values (57, 'Flipopia', 11.1);
insert into clients (ID, name, discount) values (58, 'Leenti', 11.9);
insert into clients (ID, name, discount) values (59, 'Edgeclub', 17.8);
insert into clients (ID, name, discount) values (60, 'Gigazoom', 33.6);
insert into clients (ID, name, discount) values (61, 'Skipfire', 20.5);
insert into clients (ID, name, discount) values (62, 'Oyoyo', 5.4);
insert into clients (ID, name, discount) values (63, 'Skynoodle', 1.9);
insert into clients (ID, name, discount) values (64, 'Ainyx', 39.1);
insert into clients (ID, name, discount) values (65, 'Mita', 28.7);
insert into clients (ID, name, discount) values (66, 'Gigazoom', 31.7);
insert into clients (ID, name, discount) values (67, 'Twimm', 7.9);
insert into clients (ID, name, discount) values (68, 'Twimm', 24.0);
insert into clients (ID, name, discount) values (69, 'Jaxnation', 28.6);
insert into clients (ID, name, discount) values (70, 'Agivu', 44.9);
insert into clients (ID, name, discount) values (71, 'Jaxbean', 41.3);
insert into clients (ID, name, discount) values (72, 'Youtags', 16.1);
insert into clients (ID, name, discount) values (73, 'Talane', 22.2);
insert into clients (ID, name, discount) values (74, 'Gigashots', 27.8);
insert into clients (ID, name, discount) values (75, 'Fanoodle', 35.3);
insert into clients (ID, name, discount) values (76, 'Photojam', 37.6);
insert into clients (ID, name, discount) values (77, 'Kazio', 43.7);
insert into clients (ID, name, discount) values (78, 'Oyoloo', 5.8);
insert into clients (ID, name, discount) values (79, 'Tazzy', 14.9);
insert into clients (ID, name, discount) values (80, 'Skajo', 49.6);
insert into clients (ID, name, discount) values (81, 'Fivechat', 9.4);
insert into clients (ID, name, discount) values (82, 'Tazz', 6.5);
insert into clients (ID, name, discount) values (83, 'Zoombox', 41.3);
insert into clients (ID, name, discount) values (84, 'Aimbo', 29.5);
insert into clients (ID, name, discount) values (85, 'Realblab', 37.3);
insert into clients (ID, name, discount) values (86, 'Eayo', 19.3);
insert into clients (ID, name, discount) values (87, 'Jayo', 35.7);
insert into clients (ID, name, discount) values (88, 'Avamba', 46.1);
insert into clients (ID, name, discount) values (89, 'Mydo', 8.9);
insert into clients (ID, name, discount) values (90, 'Photofeed', 14.4);
insert into clients (ID, name, discount) values (91, 'Browsecat', 15.0);
insert into clients (ID, name, discount) values (92, 'Realblab', 1.3);
insert into clients (ID, name, discount) values (93, 'Centimia', 39.5);
insert into clients (ID, name, discount) values (94, 'Aibox', 48.7);
insert into clients (ID, name, discount) values (95, 'Kanoodle', 49.4);
insert into clients (ID, name, discount) values (96, 'Flipstorm', 34.0);
insert into clients (ID, name, discount) values (97, 'Fanoodle', 25.5);
insert into clients (ID, name, discount) values (98, 'Jazzy', 16.7);
insert into clients (ID, name, discount) values (99, 'Skimia', 4.2);
insert into clients (ID, name, discount) values (100, 'Skibox', 3.6);


-- TABELA UCZESTNIKÓW
DROP TABLE IF EXISTS `participants`;
CREATE TABLE `participants`(
`ID` int(11) unsigned auto_increment primary key,
`clientID` int(11) UNSIGNED,
`firstName` varchar(50) not null,
`secondName` varchar(50) not null,
CONSTRAINT `participants_clients_fk` FOREIGN KEY (`clientID`) REFERENCES `clients` (`ID`)); 

insert into participants (ID, clientID, firstname, secondname) values (1, 29, 'Katina', 'Humpherston');
insert into participants (ID, clientID, firstname, secondname) values (2, 9, 'Bili', 'Kinkead');
insert into participants (ID, clientID, firstname, secondname) values (3, 45, 'Federico', 'Antosik');
insert into participants (ID, clientID, firstname, secondname) values (4, 40, 'Ryann', 'Peltz');
insert into participants (ID, clientID, firstname, secondname) values (5, 84, 'Consuela', 'Redferne');
insert into participants (ID, clientID, firstname, secondname) values (6, 74, 'Leah', 'Vedmore');
insert into participants (ID, clientID, firstname, secondname) values (7, 46, 'Huberto', 'Izatson');
insert into participants (ID, clientID, firstname, secondname) values (8, 55, 'Kerwin', 'Oldland');
insert into participants (ID, clientID, firstname, secondname) values (9, 66, 'Ruthanne', 'English');
insert into participants (ID, clientID, firstname, secondname) values (10, 71, 'Hurley', 'Clackers');
insert into participants (ID, clientID, firstname, secondname) values (11, 28, 'Haily', 'Letterick');
insert into participants (ID, clientID, firstname, secondname) values (12, 59, 'Kerrin', 'Fishbourne');
insert into participants (ID, clientID, firstname, secondname) values (13, 93, 'Aigneis', 'Gaffney');
insert into participants (ID, clientID, firstname, secondname) values (14, 76, 'Sarita', 'Gatty');
insert into participants (ID, clientID, firstname, secondname) values (15, 67, 'Ortensia', 'Willis');
insert into participants (ID, clientID, firstname, secondname) values (16, 81, 'Devin', 'Bennion');
insert into participants (ID, clientID, firstname, secondname) values (17, 48, 'Erroll', 'Feehely');
insert into participants (ID, clientID, firstname, secondname) values (18, 64, 'Julio', 'Mogie');
insert into participants (ID, clientID, firstname, secondname) values (19, 63, 'Pancho', 'Heal');
insert into participants (ID, clientID, firstname, secondname) values (20, 83, 'Carleen', 'Grimsey');
insert into participants (ID, clientID, firstname, secondname) values (21, 19, 'Claudian', 'Baggaley');
insert into participants (ID, clientID, firstname, secondname) values (22, 52, 'Koralle', 'Golling');
insert into participants (ID, clientID, firstname, secondname) values (23, 3, 'Roxana', 'Gai');
insert into participants (ID, clientID, firstname, secondname) values (24, 68, 'Clemmy', 'De Minico');
insert into participants (ID, clientID, firstname, secondname) values (25, 60, 'Modesta', 'Shuxsmith');
insert into participants (ID, clientID, firstname, secondname) values (26, 85, 'Vinny', 'Kremer');
insert into participants (ID, clientID, firstname, secondname) values (27, 53, 'Frants', 'Camocke');
insert into participants (ID, clientID, firstname, secondname) values (28, 20, 'Ethelyn', 'Readmire');
insert into participants (ID, clientID, firstname, secondname) values (29, 73, 'Augustina', 'Capron');
insert into participants (ID, clientID, firstname, secondname) values (30, 94, 'Fan', 'Zavittieri');
insert into participants (ID, clientID, firstname, secondname) values (31, 29, 'Dur', 'Titmus');
insert into participants (ID, clientID, firstname, secondname) values (32, 33, 'Shawna', 'Mathe');
insert into participants (ID, clientID, firstname, secondname) values (33, 93, 'Ryun', 'Hirsthouse');
insert into participants (ID, clientID, firstname, secondname) values (34, 2, 'Amalle', 'Harmour');
insert into participants (ID, clientID, firstname, secondname) values (35, 15, 'Rosanne', 'Canto');
insert into participants (ID, clientID, firstname, secondname) values (36, 94, 'Jewell', 'Ruffle');
insert into participants (ID, clientID, firstname, secondname) values (37, 33, 'Diahann', 'Brindley');
insert into participants (ID, clientID, firstname, secondname) values (38, 35, 'Dew', 'Rowlings');
insert into participants (ID, clientID, firstname, secondname) values (39, 53, 'Tedd', 'Richmond');
insert into participants (ID, clientID, firstname, secondname) values (40, 50, 'Lorry', 'Spaxman');
insert into participants (ID, clientID, firstname, secondname) values (41, 92, 'Alejoa', 'De Moreno');
insert into participants (ID, clientID, firstname, secondname) values (42, 14, 'Malory', 'Bitterton');
insert into participants (ID, clientID, firstname, secondname) values (43, 96, 'Deanna', 'Simla');
insert into participants (ID, clientID, firstname, secondname) values (44, 83, 'Cammi', 'Stanfield');
insert into participants (ID, clientID, firstname, secondname) values (45, 19, 'Rosmunda', 'Tubbs');
insert into participants (ID, clientID, firstname, secondname) values (46, 64, 'Lynette', 'Dumke');
insert into participants (ID, clientID, firstname, secondname) values (47, 69, 'Angelico', 'Tizzard');
insert into participants (ID, clientID, firstname, secondname) values (48, 96, 'Sherye', 'Child');
insert into participants (ID, clientID, firstname, secondname) values (49, 20, 'Helyn', 'Asmus');
insert into participants (ID, clientID, firstname, secondname) values (50, 7, 'Loria', 'Carwithim');
insert into participants (ID, clientID, firstname, secondname) values (51, 59, 'Barnett', 'Mancer');
insert into participants (ID, clientID, firstname, secondname) values (52, 36, 'Audie', 'Scrancher');
insert into participants (ID, clientID, firstname, secondname) values (53, 85, 'Horten', 'Toyer');
insert into participants (ID, clientID, firstname, secondname) values (54, 6, 'Dwain', 'Fernant');
insert into participants (ID, clientID, firstname, secondname) values (55, 14, 'Kay', 'Hewins');
insert into participants (ID, clientID, firstname, secondname) values (56, 27, 'Fransisco', 'Agglione');
insert into participants (ID, clientID, firstname, secondname) values (57, 80, 'Myrtie', 'Ewins');
insert into participants (ID, clientID, firstname, secondname) values (58, 41, 'Link', 'Dewicke');
insert into participants (ID, clientID, firstname, secondname) values (59, 1, 'Buiron', 'Littell');
insert into participants (ID, clientID, firstname, secondname) values (60, 32, 'Crista', 'Luigi');
insert into participants (ID, clientID, firstname, secondname) values (61, 50, 'Patrica', 'Elington');
insert into participants (ID, clientID, firstname, secondname) values (62, 93, 'Sancho', 'Teece');
insert into participants (ID, clientID, firstname, secondname) values (63, 51, 'Ewart', 'Shankster');
insert into participants (ID, clientID, firstname, secondname) values (64, 30, 'Tades', 'Sellek');
insert into participants (ID, clientID, firstname, secondname) values (65, 43, 'Bettye', 'Hares');
insert into participants (ID, clientID, firstname, secondname) values (66, 72, 'Mycah', 'Lohoar');
insert into participants (ID, clientID, firstname, secondname) values (67, 40, 'Stormie', 'Seyfart');
insert into participants (ID, clientID, firstname, secondname) values (68, 90, 'Marcie', 'Teesdale');
insert into participants (ID, clientID, firstname, secondname) values (69, 13, 'Kacey', 'Haffard');
insert into participants (ID, clientID, firstname, secondname) values (70, 15, 'Aprilette', 'Foxon');
insert into participants (ID, clientID, firstname, secondname) values (71, 84, 'Catharina', 'Bentson');
insert into participants (ID, clientID, firstname, secondname) values (72, 80, 'Lawrence', 'Toy');
insert into participants (ID, clientID, firstname, secondname) values (73, 97, 'Danika', 'Jamme');
insert into participants (ID, clientID, firstname, secondname) values (74, 76, 'Danyelle', 'Janikowski');
insert into participants (ID, clientID, firstname, secondname) values (75, 9, 'Lotty', 'Ambrois');
insert into participants (ID, clientID, firstname, secondname) values (76, 52, 'Annabell', 'Gofforth');
insert into participants (ID, clientID, firstname, secondname) values (77, 17, 'Sigismond', 'Bernardt');
insert into participants (ID, clientID, firstname, secondname) values (78, 59, 'Buddie', 'Brasner');
insert into participants (ID, clientID, firstname, secondname) values (79, 68, 'Tressa', 'Bennedick');
insert into participants (ID, clientID, firstname, secondname) values (80, 13, 'Frasco', 'Barchrameev');
insert into participants (ID, clientID, firstname, secondname) values (81, 48, 'Leeland', 'Denzey');
insert into participants (ID, clientID, firstname, secondname) values (82, 98, 'Sarena', 'Sibery');
insert into participants (ID, clientID, firstname, secondname) values (83, 78, 'Gardie', 'Linn');
insert into participants (ID, clientID, firstname, secondname) values (84, 8, 'Niel', 'Clausen-Thue');
insert into participants (ID, clientID, firstname, secondname) values (85, 71, 'Mureil', 'Connikie');
insert into participants (ID, clientID, firstname, secondname) values (86, 19, 'Beaufort', 'Dahlbom');
insert into participants (ID, clientID, firstname, secondname) values (87, 58, 'Kahaleel', 'Evesque');
insert into participants (ID, clientID, firstname, secondname) values (88, 71, 'Alena', 'Grasner');
insert into participants (ID, clientID, firstname, secondname) values (89, 86, 'Gayle', 'Foye');
insert into participants (ID, clientID, firstname, secondname) values (90, 86, 'Stephani', 'Foulsham');
insert into participants (ID, clientID, firstname, secondname) values (91, 78, 'Hephzibah', 'Fray');
insert into participants (ID, clientID, firstname, secondname) values (92, 68, 'Allix', 'Bulman');
insert into participants (ID, clientID, firstname, secondname) values (93, 81, 'Harcourt', 'Jannings');
insert into participants (ID, clientID, firstname, secondname) values (94, 70, 'Fara', 'Balogun');
insert into participants (ID, clientID, firstname, secondname) values (95, 58, 'Elwood', 'Chilton');
insert into participants (ID, clientID, firstname, secondname) values (96, 16, 'Sarette', 'Gamet');
insert into participants (ID, clientID, firstname, secondname) values (97, 61, 'Barnett', 'Kondrachenko');
insert into participants (ID, clientID, firstname, secondname) values (98, 59, 'Muffin', 'Terbeek');
insert into participants (ID, clientID, firstname, secondname) values (99, 43, 'Gustavo', 'Radbourne');
insert into participants (ID, clientID, firstname, secondname) values (100, 80, 'Malina', 'Traut');
insert into participants (ID, clientID, firstname, secondname) values (101, 33, 'Mackenzie', 'Beane');
insert into participants (ID, clientID, firstname, secondname) values (102, 87, 'Baryram', 'Lambswood');
insert into participants (ID, clientID, firstname, secondname) values (103, 39, 'Ty', 'Tong');
insert into participants (ID, clientID, firstname, secondname) values (104, 50, 'Gino', 'Cadamy');
insert into participants (ID, clientID, firstname, secondname) values (105, 48, 'Bordie', 'Halfacre');
insert into participants (ID, clientID, firstname, secondname) values (106, 71, 'Larisa', 'MacInnes');
insert into participants (ID, clientID, firstname, secondname) values (107, 14, 'Anastasie', 'Iacomelli');
insert into participants (ID, clientID, firstname, secondname) values (108, 9, 'Sergei', 'Cubbin');
insert into participants (ID, clientID, firstname, secondname) values (109, 24, 'Bryan', 'Plewright');
insert into participants (ID, clientID, firstname, secondname) values (110, 96, 'Alisa', 'Blanque');
insert into participants (ID, clientID, firstname, secondname) values (111, 33, 'Noell', 'Weafer');
insert into participants (ID, clientID, firstname, secondname) values (112, 23, 'Zedekiah', 'McGhie');
insert into participants (ID, clientID, firstname, secondname) values (113, 18, 'Blondell', 'Harverson');
insert into participants (ID, clientID, firstname, secondname) values (114, 49, 'Jemmie', 'Trorey');
insert into participants (ID, clientID, firstname, secondname) values (115, 42, 'Ernest', 'Bozier');
insert into participants (ID, clientID, firstname, secondname) values (116, 84, 'Mackenzie', 'Steckings');
insert into participants (ID, clientID, firstname, secondname) values (117, 61, 'Ly', 'Monkley');
insert into participants (ID, clientID, firstname, secondname) values (118, 69, 'Wendie', 'Senner');
insert into participants (ID, clientID, firstname, secondname) values (119, 36, 'Elizabet', 'Shenton');
insert into participants (ID, clientID, firstname, secondname) values (120, 75, 'Willey', 'Farrant');
insert into participants (ID, clientID, firstname, secondname) values (121, 94, 'Mair', 'Maryet');
insert into participants (ID, clientID, firstname, secondname) values (122, 89, 'Bridget', 'Jamblin');
insert into participants (ID, clientID, firstname, secondname) values (123, 73, 'Katherine', 'Sleith');
insert into participants (ID, clientID, firstname, secondname) values (124, 36, 'Libbie', 'Lindstrom');
insert into participants (ID, clientID, firstname, secondname) values (125, 11, 'Happy', 'Clowes');
insert into participants (ID, clientID, firstname, secondname) values (126, 46, 'Dominic', 'Kendal');
insert into participants (ID, clientID, firstname, secondname) values (127, 72, 'Mary', 'Martine');
insert into participants (ID, clientID, firstname, secondname) values (128, 53, 'Verge', 'Lawty');
insert into participants (ID, clientID, firstname, secondname) values (129, 87, 'Currey', 'Moyne');
insert into participants (ID, clientID, firstname, secondname) values (130, 80, 'Sarge', 'Crotch');
insert into participants (ID, clientID, firstname, secondname) values (131, 35, 'Flore', 'Ephgrave');
insert into participants (ID, clientID, firstname, secondname) values (132, 98, 'Ansell', 'Martinho');
insert into participants (ID, clientID, firstname, secondname) values (133, 20, 'Jenn', 'Menzies');
insert into participants (ID, clientID, firstname, secondname) values (134, 37, 'Ardyth', 'Larrett');
insert into participants (ID, clientID, firstname, secondname) values (135, 94, 'Griselda', 'Edgell');
insert into participants (ID, clientID, firstname, secondname) values (136, 2, 'Lin', 'Cowen');
insert into participants (ID, clientID, firstname, secondname) values (137, 29, 'Gregorius', 'Bonick');
insert into participants (ID, clientID, firstname, secondname) values (138, 27, 'Derry', 'Creech');
insert into participants (ID, clientID, firstname, secondname) values (139, 65, 'Dana', 'Ivashin');
insert into participants (ID, clientID, firstname, secondname) values (140, 13, 'Fonzie', 'Kempton');
insert into participants (ID, clientID, firstname, secondname) values (141, 77, 'Stan', 'Lansly');
insert into participants (ID, clientID, firstname, secondname) values (142, 59, 'Selig', 'Porcher');
insert into participants (ID, clientID, firstname, secondname) values (143, 19, 'Vincents', 'Elland');
insert into participants (ID, clientID, firstname, secondname) values (144, 46, 'Debora', 'Bottom');
insert into participants (ID, clientID, firstname, secondname) values (145, 85, 'Chev', 'Divina');
insert into participants (ID, clientID, firstname, secondname) values (146, 4, 'Gabriele', 'Sigge');
insert into participants (ID, clientID, firstname, secondname) values (147, 72, 'Wesley', 'Warkup');
insert into participants (ID, clientID, firstname, secondname) values (148, 57, 'Arly', 'Oliphant');
insert into participants (ID, clientID, firstname, secondname) values (149, 94, 'Neville', 'Weatherdon');
insert into participants (ID, clientID, firstname, secondname) values (150, 27, 'Thurstan', 'Crain');
insert into participants (ID, clientID, firstname, secondname) values (151, 6, 'Davine', 'Tiley');
insert into participants (ID, clientID, firstname, secondname) values (152, 54, 'Doralynne', 'Schnieder');
insert into participants (ID, clientID, firstname, secondname) values (153, 56, 'Ellynn', 'Windridge');
insert into participants (ID, clientID, firstname, secondname) values (154, 47, 'Mayer', 'Ganniclifft');
insert into participants (ID, clientID, firstname, secondname) values (155, 22, 'Cherie', 'Botha');
insert into participants (ID, clientID, firstname, secondname) values (156, 28, 'Deloria', 'Maypole');
insert into participants (ID, clientID, firstname, secondname) values (157, 66, 'Sela', 'Farthin');
insert into participants (ID, clientID, firstname, secondname) values (158, 52, 'Cornie', 'Litterick');
insert into participants (ID, clientID, firstname, secondname) values (159, 61, 'Nanny', 'Green');
insert into participants (ID, clientID, firstname, secondname) values (160, 69, 'Gannie', 'MacClenan');
insert into participants (ID, clientID, firstname, secondname) values (161, 39, 'Michelina', 'Lipson');
insert into participants (ID, clientID, firstname, secondname) values (162, 8, 'Fianna', 'Serle');
insert into participants (ID, clientID, firstname, secondname) values (163, 56, 'Benny', 'Kynforth');
insert into participants (ID, clientID, firstname, secondname) values (164, 88, 'Lorry', 'Philcott');
insert into participants (ID, clientID, firstname, secondname) values (165, 51, 'Jeremiah', 'Di Bartolomeo');
insert into participants (ID, clientID, firstname, secondname) values (166, 43, 'Taryn', 'Pauls');
insert into participants (ID, clientID, firstname, secondname) values (167, 24, 'Guss', 'Brehat');
insert into participants (ID, clientID, firstname, secondname) values (168, 100, 'Ruthanne', 'Gaspero');
insert into participants (ID, clientID, firstname, secondname) values (169, 39, 'Ashlen', 'Caslin');
insert into participants (ID, clientID, firstname, secondname) values (170, 99, 'Corissa', 'Dabrowski');
insert into participants (ID, clientID, firstname, secondname) values (171, 44, 'Maribeth', 'Lentsch');
insert into participants (ID, clientID, firstname, secondname) values (172, 26, 'Jessalin', 'Rollinson');
insert into participants (ID, clientID, firstname, secondname) values (173, 82, 'Faith', 'Vynall');
insert into participants (ID, clientID, firstname, secondname) values (174, 78, 'Marty', 'Esmond');
insert into participants (ID, clientID, firstname, secondname) values (175, 82, 'Shana', 'Honig');
insert into participants (ID, clientID, firstname, secondname) values (176, 15, 'Rikki', 'Yesichev');
insert into participants (ID, clientID, firstname, secondname) values (177, 95, 'Aggy', 'Buttler');
insert into participants (ID, clientID, firstname, secondname) values (178, 25, 'Wakefield', 'Manns');
insert into participants (ID, clientID, firstname, secondname) values (179, 57, 'Marcellus', 'Stratiff');
insert into participants (ID, clientID, firstname, secondname) values (180, 32, 'Felicdad', 'Nolleau');
insert into participants (ID, clientID, firstname, secondname) values (181, 39, 'Tabbie', 'Myott');
insert into participants (ID, clientID, firstname, secondname) values (182, 32, 'Edith', 'MacKerley');
insert into participants (ID, clientID, firstname, secondname) values (183, 95, 'Bayard', 'Dukesbury');
insert into participants (ID, clientID, firstname, secondname) values (184, 93, 'Wini', 'Deam');
insert into participants (ID, clientID, firstname, secondname) values (185, 26, 'Hannie', 'Cicci');
insert into participants (ID, clientID, firstname, secondname) values (186, 36, 'Konrad', 'Earle');
insert into participants (ID, clientID, firstname, secondname) values (187, 20, 'Roanne', 'Truran');
insert into participants (ID, clientID, firstname, secondname) values (188, 97, 'Erminia', 'Artingstall');
insert into participants (ID, clientID, firstname, secondname) values (189, 69, 'Cherise', 'Cliburn');
insert into participants (ID, clientID, firstname, secondname) values (190, 49, 'Florence', 'Limming');
insert into participants (ID, clientID, firstname, secondname) values (191, 16, 'Alfonso', 'Alker');
insert into participants (ID, clientID, firstname, secondname) values (192, 38, 'Nickie', 'Gurnee');
insert into participants (ID, clientID, firstname, secondname) values (193, 66, 'Carce', 'De Morena');
insert into participants (ID, clientID, firstname, secondname) values (194, 71, 'Morty', 'Toquet');
insert into participants (ID, clientID, firstname, secondname) values (195, 92, 'Flss', 'Jeannet');
insert into participants (ID, clientID, firstname, secondname) values (196, 80, 'Kanya', 'Rannie');
insert into participants (ID, clientID, firstname, secondname) values (197, 89, 'Shep', 'Allsep');
insert into participants (ID, clientID, firstname, secondname) values (198, 32, 'Vinita', 'Garbett');
insert into participants (ID, clientID, firstname, secondname) values (199, 15, 'Blanch', 'Rayhill');
insert into participants (ID, clientID, firstname, secondname) values (200, 74, 'Joseph', 'Spears');
insert into participants (ID, clientID, firstname, secondname) values (201, 22, 'Orella', 'Marchand');
insert into participants (ID, clientID, firstname, secondname) values (202, 60, 'Benji', 'Heald');
insert into participants (ID, clientID, firstname, secondname) values (203, 3, 'Andeee', 'Feaster');
insert into participants (ID, clientID, firstname, secondname) values (204, 23, 'Hannah', 'MacHoste');
insert into participants (ID, clientID, firstname, secondname) values (205, 47, 'Raychel', 'Durling');
insert into participants (ID, clientID, firstname, secondname) values (206, 62, 'Winona', 'Dmisek');
insert into participants (ID, clientID, firstname, secondname) values (207, 45, 'Clea', 'Spoward');
insert into participants (ID, clientID, firstname, secondname) values (208, 67, 'Ajay', 'Burden');
insert into participants (ID, clientID, firstname, secondname) values (209, 25, 'Freddy', 'Von Der Empten');
insert into participants (ID, clientID, firstname, secondname) values (210, 79, 'Grete', 'Cadogan');
insert into participants (ID, clientID, firstname, secondname) values (211, 89, 'Julieta', 'Gerdes');
insert into participants (ID, clientID, firstname, secondname) values (212, 84, 'Stirling', 'McIndoe');
insert into participants (ID, clientID, firstname, secondname) values (213, 6, 'Rafaela', 'Deane');
insert into participants (ID, clientID, firstname, secondname) values (214, 12, 'Lottie', 'Shoard');
insert into participants (ID, clientID, firstname, secondname) values (215, 18, 'De witt', 'Hickenbottom');
insert into participants (ID, clientID, firstname, secondname) values (216, 75, 'Denys', 'Bayless');
insert into participants (ID, clientID, firstname, secondname) values (217, 74, 'Mersey', 'Speeding');
insert into participants (ID, clientID, firstname, secondname) values (218, 24, 'Daryl', 'Dutson');
insert into participants (ID, clientID, firstname, secondname) values (219, 5, 'Anna', 'Bauld');
insert into participants (ID, clientID, firstname, secondname) values (220, 13, 'Arel', 'Di Maria');
insert into participants (ID, clientID, firstname, secondname) values (221, 56, 'Teodora', 'Morena');
insert into participants (ID, clientID, firstname, secondname) values (222, 40, 'Lindon', 'Heyburn');
insert into participants (ID, clientID, firstname, secondname) values (223, 39, 'Hayward', 'Ash');
insert into participants (ID, clientID, firstname, secondname) values (224, 60, 'Amber', 'Gush');
insert into participants (ID, clientID, firstname, secondname) values (225, 63, 'Lola', 'Bandt');
insert into participants (ID, clientID, firstname, secondname) values (226, 19, 'Carry', 'Esterbrook');
insert into participants (ID, clientID, firstname, secondname) values (227, 31, 'Lemuel', 'Dimitrescu');
insert into participants (ID, clientID, firstname, secondname) values (228, 74, 'Wenda', 'Bullen');
insert into participants (ID, clientID, firstname, secondname) values (229, 75, 'Harvey', 'Andri');
insert into participants (ID, clientID, firstname, secondname) values (230, 61, 'Eran', 'Chaff');
insert into participants (ID, clientID, firstname, secondname) values (231, 22, 'Melisse', 'Gemlett');
insert into participants (ID, clientID, firstname, secondname) values (232, 97, 'Jed', 'Fountain');
insert into participants (ID, clientID, firstname, secondname) values (233, 35, 'Silvano', 'Lidster');
insert into participants (ID, clientID, firstname, secondname) values (234, 2, 'Liza', 'Maroney');
insert into participants (ID, clientID, firstname, secondname) values (235, 38, 'Woody', 'Broszkiewicz');
insert into participants (ID, clientID, firstname, secondname) values (236, 3, 'Wenona', 'Edgson');
insert into participants (ID, clientID, firstname, secondname) values (237, 19, 'Mikey', 'Vautre');
insert into participants (ID, clientID, firstname, secondname) values (238, 83, 'Dallas', 'Birdsall');
insert into participants (ID, clientID, firstname, secondname) values (239, 18, 'Evangelin', 'Fahrenbach');
insert into participants (ID, clientID, firstname, secondname) values (240, 24, 'Catherine', 'Doddemeede');
insert into participants (ID, clientID, firstname, secondname) values (241, 42, 'Corliss', 'Francombe');
insert into participants (ID, clientID, firstname, secondname) values (242, 32, 'Alvy', 'Skene');
insert into participants (ID, clientID, firstname, secondname) values (243, 87, 'Mathilda', 'Bodechon');
insert into participants (ID, clientID, firstname, secondname) values (244, 15, 'Erena', 'Bendell');
insert into participants (ID, clientID, firstname, secondname) values (245, 40, 'Timi', 'Borrott');
insert into participants (ID, clientID, firstname, secondname) values (246, 82, 'Karlee', 'Trosdall');
insert into participants (ID, clientID, firstname, secondname) values (247, 20, 'Sashenka', 'Dulson');
insert into participants (ID, clientID, firstname, secondname) values (248, 24, 'Claudie', 'Mashal');
insert into participants (ID, clientID, firstname, secondname) values (249, 72, 'Bronson', 'Edmondson');
insert into participants (ID, clientID, firstname, secondname) values (250, 71, 'Osmond', 'Teresia');
insert into participants (ID, clientID, firstname, secondname) values (251, 41, 'Gibbie', 'Godin');
insert into participants (ID, clientID, firstname, secondname) values (252, 13, 'Fleurette', 'Strood');
insert into participants (ID, clientID, firstname, secondname) values (253, 53, 'Silva', 'Coffelt');
insert into participants (ID, clientID, firstname, secondname) values (254, 95, 'Thorn', 'Boow');
insert into participants (ID, clientID, firstname, secondname) values (255, 15, 'Zane', 'Marguerite');
insert into participants (ID, clientID, firstname, secondname) values (256, 98, 'Casandra', 'Goodram');
insert into participants (ID, clientID, firstname, secondname) values (257, 34, 'Shaun', 'Singers');
insert into participants (ID, clientID, firstname, secondname) values (258, 58, 'Bartholomew', 'Lancetter');
insert into participants (ID, clientID, firstname, secondname) values (259, 66, 'Lynn', 'Eversfield');
insert into participants (ID, clientID, firstname, secondname) values (260, 5, 'Britta', 'McArley');
insert into participants (ID, clientID, firstname, secondname) values (261, 34, 'Hervey', 'Bisp');
insert into participants (ID, clientID, firstname, secondname) values (262, 56, 'Christie', 'Antonio');
insert into participants (ID, clientID, firstname, secondname) values (263, 44, 'Marylee', 'Perryman');
insert into participants (ID, clientID, firstname, secondname) values (264, 77, 'Jacenta', 'Toderi');
insert into participants (ID, clientID, firstname, secondname) values (265, 94, 'Ruthe', 'Lenney');
insert into participants (ID, clientID, firstname, secondname) values (266, 68, 'Gilemette', 'Mound');
insert into participants (ID, clientID, firstname, secondname) values (267, 39, 'Neila', 'Gandy');
insert into participants (ID, clientID, firstname, secondname) values (268, 71, 'Tymon', 'Kennaird');
insert into participants (ID, clientID, firstname, secondname) values (269, 97, 'Marijo', 'Osgar');
insert into participants (ID, clientID, firstname, secondname) values (270, 33, 'Thaine', 'O'' Meara');
insert into participants (ID, clientID, firstname, secondname) values (271, 20, 'Reese', 'Carey');
insert into participants (ID, clientID, firstname, secondname) values (272, 6, 'Esmeralda', 'Dongall');
insert into participants (ID, clientID, firstname, secondname) values (273, 44, 'Rozina', 'Knowles');
insert into participants (ID, clientID, firstname, secondname) values (274, 82, 'Javier', 'Sergean');
insert into participants (ID, clientID, firstname, secondname) values (275, 24, 'Agnola', 'Aindrais');
insert into participants (ID, clientID, firstname, secondname) values (276, 26, 'Jyoti', 'Heasley');
insert into participants (ID, clientID, firstname, secondname) values (277, 27, 'Selby', 'Pashan');
insert into participants (ID, clientID, firstname, secondname) values (278, 57, 'Edmund', 'Beedom');
insert into participants (ID, clientID, firstname, secondname) values (279, 51, 'Pavel', 'ducarme');
insert into participants (ID, clientID, firstname, secondname) values (280, 26, 'Earl', 'Vannar');
insert into participants (ID, clientID, firstname, secondname) values (281, 71, 'Mara', 'McFarlan');
insert into participants (ID, clientID, firstname, secondname) values (282, 57, 'Ola', 'Dissman');
insert into participants (ID, clientID, firstname, secondname) values (283, 85, 'Marya', 'Fortun');
insert into participants (ID, clientID, firstname, secondname) values (284, 53, 'Niko', 'Payton');
insert into participants (ID, clientID, firstname, secondname) values (285, 31, 'Elinor', 'Gallihawk');
insert into participants (ID, clientID, firstname, secondname) values (286, 79, 'Fairlie', 'Pouck');
insert into participants (ID, clientID, firstname, secondname) values (287, 97, 'Dolf', 'Brownscombe');
insert into participants (ID, clientID, firstname, secondname) values (288, 10, 'Leann', 'Zannotti');
insert into participants (ID, clientID, firstname, secondname) values (289, 14, 'Derrik', 'Mc Meekan');
insert into participants (ID, clientID, firstname, secondname) values (290, 65, 'Sophie', 'Hawksworth');
insert into participants (ID, clientID, firstname, secondname) values (291, 35, 'Adelheid', 'Vuitton');
insert into participants (ID, clientID, firstname, secondname) values (292, 82, 'Roxane', 'Liversidge');
insert into participants (ID, clientID, firstname, secondname) values (293, 31, 'Armand', 'Ronchka');
insert into participants (ID, clientID, firstname, secondname) values (294, 45, 'Rudy', 'Ure');
insert into participants (ID, clientID, firstname, secondname) values (295, 2, 'Tomasine', 'Hannum');
insert into participants (ID, clientID, firstname, secondname) values (296, 24, 'Tanner', 'Menicomb');
insert into participants (ID, clientID, firstname, secondname) values (297, 64, 'Marten', 'Lineham');
insert into participants (ID, clientID, firstname, secondname) values (298, 27, 'Lynelle', 'Conman');
insert into participants (ID, clientID, firstname, secondname) values (299, 87, 'Saunders', 'Bluck');
insert into participants (ID, clientID, firstname, secondname) values (300, 75, 'Cullan', 'Brownbridge');
insert into participants (ID, clientID, firstname, secondname) values (301, 66, 'Lora', 'Jepp');
insert into participants (ID, clientID, firstname, secondname) values (302, 93, 'Cathe', 'Gooddie');
insert into participants (ID, clientID, firstname, secondname) values (303, 98, 'Merwyn', 'Grundwater');
insert into participants (ID, clientID, firstname, secondname) values (304, 6, 'Maren', 'Johananov');
insert into participants (ID, clientID, firstname, secondname) values (305, 12, 'Claudell', 'Garforth');
insert into participants (ID, clientID, firstname, secondname) values (306, 60, 'Adiana', 'Wrixon');
insert into participants (ID, clientID, firstname, secondname) values (307, 72, 'Morie', 'MacGaughy');
insert into participants (ID, clientID, firstname, secondname) values (308, 72, 'Basile', 'Odde');
insert into participants (ID, clientID, firstname, secondname) values (309, 39, 'Nerissa', 'Acom');
insert into participants (ID, clientID, firstname, secondname) values (310, 30, 'Beck', 'Astlet');
insert into participants (ID, clientID, firstname, secondname) values (311, 34, 'Mora', 'McKeefry');
insert into participants (ID, clientID, firstname, secondname) values (312, 23, 'Jamil', 'Hallum');
insert into participants (ID, clientID, firstname, secondname) values (313, 88, 'Kitty', 'Durbyn');
insert into participants (ID, clientID, firstname, secondname) values (314, 6, 'Shawn', 'Marien');
insert into participants (ID, clientID, firstname, secondname) values (315, 88, 'Tybalt', 'Dunkerton');
insert into participants (ID, clientID, firstname, secondname) values (316, 26, 'Standford', 'Farington');
insert into participants (ID, clientID, firstname, secondname) values (317, 61, 'Quill', 'Sisse');
insert into participants (ID, clientID, firstname, secondname) values (318, 50, 'Nollie', 'Vasilic');
insert into participants (ID, clientID, firstname, secondname) values (319, 10, 'Sena', 'Manneville');
insert into participants (ID, clientID, firstname, secondname) values (320, 67, 'Shandy', 'Caird');
insert into participants (ID, clientID, firstname, secondname) values (321, 78, 'Sunny', 'Gemnett');
insert into participants (ID, clientID, firstname, secondname) values (322, 61, 'Morena', 'Dobrovsky');
insert into participants (ID, clientID, firstname, secondname) values (323, 29, 'Locke', 'Trevon');
insert into participants (ID, clientID, firstname, secondname) values (324, 99, 'Arnoldo', 'Pauwel');
insert into participants (ID, clientID, firstname, secondname) values (325, 37, 'Barrie', 'Loadsman');
insert into participants (ID, clientID, firstname, secondname) values (326, 58, 'Andra', 'Wipper');
insert into participants (ID, clientID, firstname, secondname) values (327, 29, 'Kania', 'Champken');
insert into participants (ID, clientID, firstname, secondname) values (328, 58, 'Theobald', 'Zecchini');
insert into participants (ID, clientID, firstname, secondname) values (329, 14, 'Sydelle', 'Goad');
insert into participants (ID, clientID, firstname, secondname) values (330, 76, 'Sheff', 'Iczokvitz');
insert into participants (ID, clientID, firstname, secondname) values (331, 77, 'Sayers', 'Eger');
insert into participants (ID, clientID, firstname, secondname) values (332, 18, 'Aymer', 'Tregunna');
insert into participants (ID, clientID, firstname, secondname) values (333, 91, 'Zackariah', 'Isherwood');
insert into participants (ID, clientID, firstname, secondname) values (334, 80, 'Laurella', 'Goulbourn');
insert into participants (ID, clientID, firstname, secondname) values (335, 79, 'Kaylee', 'Machel');
insert into participants (ID, clientID, firstname, secondname) values (336, 71, 'Kania', 'Flicker');
insert into participants (ID, clientID, firstname, secondname) values (337, 95, 'Lindy', 'Sorel');
insert into participants (ID, clientID, firstname, secondname) values (338, 94, 'Debbie', 'Kohn');
insert into participants (ID, clientID, firstname, secondname) values (339, 59, 'Glenna', 'Ternott');
insert into participants (ID, clientID, firstname, secondname) values (340, 30, 'Analise', 'Petlyura');
insert into participants (ID, clientID, firstname, secondname) values (341, 91, 'Josee', 'Vouls');
insert into participants (ID, clientID, firstname, secondname) values (342, 66, 'Olav', 'Cranny');
insert into participants (ID, clientID, firstname, secondname) values (343, 70, 'Randy', 'Dowderswell');
insert into participants (ID, clientID, firstname, secondname) values (344, 97, 'Bartlett', 'Kingshott');
insert into participants (ID, clientID, firstname, secondname) values (345, 7, 'Barty', 'Falla');
insert into participants (ID, clientID, firstname, secondname) values (346, 13, 'Blythe', 'Ghelerdini');
insert into participants (ID, clientID, firstname, secondname) values (347, 82, 'Spence', 'Sivil');
insert into participants (ID, clientID, firstname, secondname) values (348, 45, 'Adrea', 'Winchcomb');
insert into participants (ID, clientID, firstname, secondname) values (349, 61, 'Perkin', 'Vacher');
insert into participants (ID, clientID, firstname, secondname) values (350, 21, 'Adriane', 'Oldman');
insert into participants (ID, clientID, firstname, secondname) values (351, 2, 'Brad', 'Vautre');
insert into participants (ID, clientID, firstname, secondname) values (352, 37, 'Duffie', 'Sansbury');
insert into participants (ID, clientID, firstname, secondname) values (353, 12, 'Helsa', 'Doggart');
insert into participants (ID, clientID, firstname, secondname) values (354, 36, 'Lionel', 'McElroy');
insert into participants (ID, clientID, firstname, secondname) values (355, 96, 'Carolan', 'Askell');
insert into participants (ID, clientID, firstname, secondname) values (356, 80, 'Lainey', 'Tremblet');
insert into participants (ID, clientID, firstname, secondname) values (357, 6, 'Maddie', 'Hempel');
insert into participants (ID, clientID, firstname, secondname) values (358, 44, 'Baryram', 'Tute');
insert into participants (ID, clientID, firstname, secondname) values (359, 97, 'Desiri', 'Briston');
insert into participants (ID, clientID, firstname, secondname) values (360, 18, 'Candida', 'Seven');
insert into participants (ID, clientID, firstname, secondname) values (361, 59, 'Beryl', 'Colvill');
insert into participants (ID, clientID, firstname, secondname) values (362, 98, 'Rozanna', 'Fussie');
insert into participants (ID, clientID, firstname, secondname) values (363, 99, 'Rebecca', 'Pennington');
insert into participants (ID, clientID, firstname, secondname) values (364, 39, 'Cobb', 'Godbolt');
insert into participants (ID, clientID, firstname, secondname) values (365, 19, 'Merrili', 'Eustanch');
insert into participants (ID, clientID, firstname, secondname) values (366, 5, 'Ferrel', 'Baillie');
insert into participants (ID, clientID, firstname, secondname) values (367, 64, 'Bambi', 'Trayton');
insert into participants (ID, clientID, firstname, secondname) values (368, 57, 'Archie', 'Lettson');
insert into participants (ID, clientID, firstname, secondname) values (369, 11, 'Laurie', 'Seak');
insert into participants (ID, clientID, firstname, secondname) values (370, 48, 'Deny', 'Lympany');
insert into participants (ID, clientID, firstname, secondname) values (371, 6, 'Dag', 'Davers');
insert into participants (ID, clientID, firstname, secondname) values (372, 51, 'Humbert', 'Pervoe');
insert into participants (ID, clientID, firstname, secondname) values (373, 50, 'Suzanne', 'Blandamore');
insert into participants (ID, clientID, firstname, secondname) values (374, 60, 'Deonne', 'Swansbury');
insert into participants (ID, clientID, firstname, secondname) values (375, 88, 'Guthrey', 'Lavigne');
insert into participants (ID, clientID, firstname, secondname) values (376, 21, 'Myca', 'Bourtoumieux');
insert into participants (ID, clientID, firstname, secondname) values (377, 30, 'Ailene', 'Chippendale');
insert into participants (ID, clientID, firstname, secondname) values (378, 12, 'Dall', 'Fritchley');
insert into participants (ID, clientID, firstname, secondname) values (379, 84, 'Genia', 'Schoenrock');
insert into participants (ID, clientID, firstname, secondname) values (380, 68, 'Viole', 'Mitkov');
insert into participants (ID, clientID, firstname, secondname) values (381, 86, 'Alain', 'Bullant');
insert into participants (ID, clientID, firstname, secondname) values (382, 61, 'Jermain', 'Mussetti');
insert into participants (ID, clientID, firstname, secondname) values (383, 32, 'Taber', 'Branchett');
insert into participants (ID, clientID, firstname, secondname) values (384, 6, 'Kirbie', 'Raynes');
insert into participants (ID, clientID, firstname, secondname) values (385, 66, 'Holly', 'Summersett');
insert into participants (ID, clientID, firstname, secondname) values (386, 64, 'Meridith', 'Whate');
insert into participants (ID, clientID, firstname, secondname) values (387, 28, 'Bax', 'Alleyne');
insert into participants (ID, clientID, firstname, secondname) values (388, 93, 'Trent', 'Lassell');
insert into participants (ID, clientID, firstname, secondname) values (389, 98, 'Roselia', 'Zmitrovich');
insert into participants (ID, clientID, firstname, secondname) values (390, 83, 'Ada', 'Dusting');
insert into participants (ID, clientID, firstname, secondname) values (391, 65, 'Randell', 'Skillings');
insert into participants (ID, clientID, firstname, secondname) values (392, 39, 'Dredi', 'Ingley');
insert into participants (ID, clientID, firstname, secondname) values (393, 82, 'Bartlett', 'Ghelerdini');
insert into participants (ID, clientID, firstname, secondname) values (394, 73, 'Deanne', 'Delleschi');
insert into participants (ID, clientID, firstname, secondname) values (395, 66, 'Haleigh', 'Di Biagi');
insert into participants (ID, clientID, firstname, secondname) values (396, 89, 'Artemis', 'Uppett');
insert into participants (ID, clientID, firstname, secondname) values (397, 50, 'Jo ann', 'Guion');
insert into participants (ID, clientID, firstname, secondname) values (398, 29, 'Ardyth', 'Weathers');
insert into participants (ID, clientID, firstname, secondname) values (399, 71, 'Wyn', 'Mellsop');
insert into participants (ID, clientID, firstname, secondname) values (400, 18, 'Aluin', 'Drable');
insert into participants (ID, clientID, firstname, secondname) values (401, 57, 'Berri', 'Hugnot');
insert into participants (ID, clientID, firstname, secondname) values (402, 41, 'Samaria', 'Dunster');
insert into participants (ID, clientID, firstname, secondname) values (403, 2, 'Mari', 'Eddowis');
insert into participants (ID, clientID, firstname, secondname) values (404, 100, 'Dukie', 'Demoge');
insert into participants (ID, clientID, firstname, secondname) values (405, 76, 'Matelda', 'Goose');
insert into participants (ID, clientID, firstname, secondname) values (406, 51, 'Oliver', 'Arnull');
insert into participants (ID, clientID, firstname, secondname) values (407, 27, 'Karlis', 'Gwynn');
insert into participants (ID, clientID, firstname, secondname) values (408, 82, 'Mellisent', 'Myhan');
insert into participants (ID, clientID, firstname, secondname) values (409, 46, 'Tiffanie', 'Sandwick');
insert into participants (ID, clientID, firstname, secondname) values (410, 86, 'Tore', 'Dumbreck');
insert into participants (ID, clientID, firstname, secondname) values (411, 51, 'Sybille', 'Norrie');
insert into participants (ID, clientID, firstname, secondname) values (412, 46, 'Mireielle', 'Malinowski');
insert into participants (ID, clientID, firstname, secondname) values (413, 55, 'Betta', 'Lyngsted');
insert into participants (ID, clientID, firstname, secondname) values (414, 46, 'Ewen', 'Caesman');
insert into participants (ID, clientID, firstname, secondname) values (415, 82, 'Michal', 'Kienlein');
insert into participants (ID, clientID, firstname, secondname) values (416, 10, 'Jarid', 'Hanigan');
insert into participants (ID, clientID, firstname, secondname) values (417, 11, 'Rube', 'Wallworth');
insert into participants (ID, clientID, firstname, secondname) values (418, 84, 'Leona', 'De Zuani');
insert into participants (ID, clientID, firstname, secondname) values (419, 22, 'Rasia', 'Revey');
insert into participants (ID, clientID, firstname, secondname) values (420, 17, 'Valerie', 'Galero');
insert into participants (ID, clientID, firstname, secondname) values (421, 47, 'Glyn', 'Howsego');
insert into participants (ID, clientID, firstname, secondname) values (422, 82, 'Candra', 'Weavill');
insert into participants (ID, clientID, firstname, secondname) values (423, 29, 'Karyl', 'Catley');
insert into participants (ID, clientID, firstname, secondname) values (424, 90, 'Leoline', 'Siene');
insert into participants (ID, clientID, firstname, secondname) values (425, 92, 'Devon', 'Firk');
insert into participants (ID, clientID, firstname, secondname) values (426, 21, 'Mohandis', 'Ibbitson');
insert into participants (ID, clientID, firstname, secondname) values (427, 86, 'Olly', 'Coomer');
insert into participants (ID, clientID, firstname, secondname) values (428, 8, 'Tonie', 'Neame');
insert into participants (ID, clientID, firstname, secondname) values (429, 47, 'Sybilla', 'Tierny');
insert into participants (ID, clientID, firstname, secondname) values (430, 57, 'Fara', 'Belcher');
insert into participants (ID, clientID, firstname, secondname) values (431, 17, 'Kylynn', 'Lavrick');
insert into participants (ID, clientID, firstname, secondname) values (432, 91, 'Wolfie', 'Beakes');
insert into participants (ID, clientID, firstname, secondname) values (433, 44, 'Celestine', 'Fanshawe');
insert into participants (ID, clientID, firstname, secondname) values (434, 81, 'Stern', 'Biaggioni');
insert into participants (ID, clientID, firstname, secondname) values (435, 72, 'Dalli', 'Whight');
insert into participants (ID, clientID, firstname, secondname) values (436, 65, 'Whittaker', 'Dubs');
insert into participants (ID, clientID, firstname, secondname) values (437, 22, 'Farlay', 'Francescotti');
insert into participants (ID, clientID, firstname, secondname) values (438, 58, 'Hirsch', 'Assinder');
insert into participants (ID, clientID, firstname, secondname) values (439, 70, 'Yalonda', 'Jeenes');
insert into participants (ID, clientID, firstname, secondname) values (440, 1, 'Riki', 'Grotty');
insert into participants (ID, clientID, firstname, secondname) values (441, 56, 'Zed', 'Dowling');
insert into participants (ID, clientID, firstname, secondname) values (442, 57, 'Timofei', 'Wickett');
insert into participants (ID, clientID, firstname, secondname) values (443, 42, 'Joela', 'Middleton');
insert into participants (ID, clientID, firstname, secondname) values (444, 36, 'Ivett', 'Kippin');
insert into participants (ID, clientID, firstname, secondname) values (445, 42, 'Josey', 'Flewitt');
insert into participants (ID, clientID, firstname, secondname) values (446, 49, 'Enid', 'Hacaud');
insert into participants (ID, clientID, firstname, secondname) values (447, 65, 'Vaclav', 'Willarton');
insert into participants (ID, clientID, firstname, secondname) values (448, 28, 'Gerard', 'Spaice');
insert into participants (ID, clientID, firstname, secondname) values (449, 72, 'Arnold', 'Rivel');
insert into participants (ID, clientID, firstname, secondname) values (450, 20, 'Adelaide', 'Kingzet');
insert into participants (ID, clientID, firstname, secondname) values (451, 80, 'Sam', 'Dishmon');
insert into participants (ID, clientID, firstname, secondname) values (452, 73, 'Gerianne', 'Lemanu');
insert into participants (ID, clientID, firstname, secondname) values (453, 15, 'Killy', 'Galtone');
insert into participants (ID, clientID, firstname, secondname) values (454, 70, 'Ina', 'Pritty');
insert into participants (ID, clientID, firstname, secondname) values (455, 65, 'Aleece', 'De Bruin');
insert into participants (ID, clientID, firstname, secondname) values (456, 67, 'Verine', 'Gillingwater');
insert into participants (ID, clientID, firstname, secondname) values (457, 23, 'Adler', 'Leheude');
insert into participants (ID, clientID, firstname, secondname) values (458, 48, 'Alene', 'Czyz');
insert into participants (ID, clientID, firstname, secondname) values (459, 34, 'Merlina', 'Snaddin');
insert into participants (ID, clientID, firstname, secondname) values (460, 39, 'Kally', 'Preto');
insert into participants (ID, clientID, firstname, secondname) values (461, 50, 'Dawna', 'Drover');
insert into participants (ID, clientID, firstname, secondname) values (462, 9, 'Heinrick', 'Pitman');
insert into participants (ID, clientID, firstname, secondname) values (463, 75, 'Robb', 'Doornbos');
insert into participants (ID, clientID, firstname, secondname) values (464, 37, 'Dollie', 'Meah');
insert into participants (ID, clientID, firstname, secondname) values (465, 4, 'Lionello', 'Sergeant');
insert into participants (ID, clientID, firstname, secondname) values (466, 23, 'Merla', 'Mashal');
insert into participants (ID, clientID, firstname, secondname) values (467, 18, 'Hailey', 'Brunn');
insert into participants (ID, clientID, firstname, secondname) values (468, 25, 'Laurel', 'Ephson');
insert into participants (ID, clientID, firstname, secondname) values (469, 33, 'Boyce', 'Gatch');
insert into participants (ID, clientID, firstname, secondname) values (470, 53, 'Perri', 'Balaizot');
insert into participants (ID, clientID, firstname, secondname) values (471, 61, 'Terry', 'L''Episcopi');
insert into participants (ID, clientID, firstname, secondname) values (472, 23, 'Charo', 'Berrisford');
insert into participants (ID, clientID, firstname, secondname) values (473, 53, 'Nerissa', 'MacGillicuddy');
insert into participants (ID, clientID, firstname, secondname) values (474, 61, 'Correy', 'Lynthal');
insert into participants (ID, clientID, firstname, secondname) values (475, 2, 'Dorelle', 'Frackiewicz');
insert into participants (ID, clientID, firstname, secondname) values (476, 76, 'Violet', 'Scales');
insert into participants (ID, clientID, firstname, secondname) values (477, 3, 'Sandye', 'Carletti');
insert into participants (ID, clientID, firstname, secondname) values (478, 7, 'Stinky', 'Dumphy');
insert into participants (ID, clientID, firstname, secondname) values (479, 80, 'Birk', 'Nand');
insert into participants (ID, clientID, firstname, secondname) values (480, 14, 'Kane', 'Mathet');
insert into participants (ID, clientID, firstname, secondname) values (481, 30, 'Valentin', 'Merrigan');
insert into participants (ID, clientID, firstname, secondname) values (482, 99, 'Marijn', 'Fedynski');
insert into participants (ID, clientID, firstname, secondname) values (483, 33, 'Marion', 'Aurelius');
insert into participants (ID, clientID, firstname, secondname) values (484, 12, 'Clarey', 'Sunter');
insert into participants (ID, clientID, firstname, secondname) values (485, 34, 'Roz', 'Gilder');
insert into participants (ID, clientID, firstname, secondname) values (486, 64, 'Kristofer', 'Kneal');
insert into participants (ID, clientID, firstname, secondname) values (487, 89, 'Basia', 'Pellamonuten');
insert into participants (ID, clientID, firstname, secondname) values (488, 74, 'Davita', 'Trevascus');
insert into participants (ID, clientID, firstname, secondname) values (489, 76, 'Lalo', 'Deviney');
insert into participants (ID, clientID, firstname, secondname) values (490, 71, 'Paulina', 'Youd');
insert into participants (ID, clientID, firstname, secondname) values (491, 46, 'Ezmeralda', 'Hinemoor');
insert into participants (ID, clientID, firstname, secondname) values (492, 34, 'Hildegarde', 'Gress');
insert into participants (ID, clientID, firstname, secondname) values (493, 32, 'Laughton', 'Jacobowitz');
insert into participants (ID, clientID, firstname, secondname) values (494, 59, 'Stirling', 'Pattison');
insert into participants (ID, clientID, firstname, secondname) values (495, 56, 'Jaclin', 'Haycock');
insert into participants (ID, clientID, firstname, secondname) values (496, 43, 'Barrie', 'Couvet');
insert into participants (ID, clientID, firstname, secondname) values (497, 32, 'Gan', 'Swiffan');
insert into participants (ID, clientID, firstname, secondname) values (498, 89, 'Melloney', 'Liebermann');
insert into participants (ID, clientID, firstname, secondname) values (499, 4, 'Maure', 'Gristock');
insert into participants (ID, clientID, firstname, secondname) values (500, 84, 'Elli', 'Edgin');


-- TABELA UCZESNITKÓW KONFERENCJI
DROP TABLE IF EXISTS `conferenceMembers`;
CREATE TABLE `conferenceMembers` (
  `ID` int(11) UNSIGNED AUTO_INCREMENT PRIMARY KEY,
  `partcipantsID` int(11) UNSIGNED,
  `conferenceID` int(11) UNSIGNED,
  `orderID` int(11) UNSIGNED,
  `payed` boolean default 0 NOT NULL,
  CONSTRAINT `confMembers_partcipants_fk` FOREIGN KEY (`partcipantsID`) REFERENCES `participants` (`ID`),
CONSTRAINT `confMembers_conference_fk` FOREIGN KEY (`conferenceID`) REFERENCES `conferences` (`ID`),
CONSTRAINT `confMembers_order_fk` FOREIGN KEY (`orderID`) REFERENCES `orders` (`ID`)
    ); 
INSERT INTO `conferenceMembers` (`ID`,`partcipantsID`,`conferenceID`,`orderID`,`payed`) VALUES ('1','387','13','94','0');
INSERT INTO `conferenceMembers` (`ID`,`partcipantsID`,`conferenceID`,`orderID`,`payed`) VALUES ('2','332','7','56','0');
INSERT INTO `conferenceMembers` (`ID`,`partcipantsID`,`conferenceID`,`orderID`,`payed`) VALUES ('3','291','14','159','0');
INSERT INTO `conferenceMembers` (`ID`,`partcipantsID`,`conferenceID`,`orderID`,`payed`) VALUES ('4','369','8','35','0');
INSERT INTO `conferenceMembers` (`ID`,`partcipantsID`,`conferenceID`,`orderID`,`payed`) VALUES ('5','453','2','40','0');
INSERT INTO `conferenceMembers` (`ID`,`partcipantsID`,`conferenceID`,`orderID`,`payed`) VALUES ('6','66','4','48','0');
INSERT INTO `conferenceMembers` (`ID`,`partcipantsID`,`conferenceID`,`orderID`,`payed`) VALUES ('7','373','9','113','0');
INSERT INTO `conferenceMembers` (`ID`,`partcipantsID`,`conferenceID`,`orderID`,`payed`) VALUES ('8','60','8','72','0');
INSERT INTO `conferenceMembers` (`ID`,`partcipantsID`,`conferenceID`,`orderID`,`payed`) VALUES ('9','497','17','69','0');
INSERT INTO `conferenceMembers` (`ID`,`partcipantsID`,`conferenceID`,`orderID`,`payed`) VALUES ('10','81','13','175','0');
INSERT INTO `conferenceMembers` (`ID`,`partcipantsID`,`conferenceID`,`orderID`,`payed`) VALUES ('11','142','14','184','0');
INSERT INTO `conferenceMembers` (`ID`,`partcipantsID`,`conferenceID`,`orderID`,`payed`) VALUES ('12','14','2','63','0');
INSERT INTO `conferenceMembers` (`ID`,`partcipantsID`,`conferenceID`,`orderID`,`payed`) VALUES ('13','73','11','69','0');
INSERT INTO `conferenceMembers` (`ID`,`partcipantsID`,`conferenceID`,`orderID`,`payed`) VALUES ('14','356','12','4','0');
INSERT INTO `conferenceMembers` (`ID`,`partcipantsID`,`conferenceID`,`orderID`,`payed`) VALUES ('15','4','12','97','0');
INSERT INTO `conferenceMembers` (`ID`,`partcipantsID`,`conferenceID`,`orderID`,`payed`) VALUES ('16','480','17','4','0');
INSERT INTO `conferenceMembers` (`ID`,`partcipantsID`,`conferenceID`,`orderID`,`payed`) VALUES ('17','333','8','122','0');
INSERT INTO `conferenceMembers` (`ID`,`partcipantsID`,`conferenceID`,`orderID`,`payed`) VALUES ('18','492','10','114','0');
INSERT INTO `conferenceMembers` (`ID`,`partcipantsID`,`conferenceID`,`orderID`,`payed`) VALUES ('19','76','10','58','0');
INSERT INTO `conferenceMembers` (`ID`,`partcipantsID`,`conferenceID`,`orderID`,`payed`) VALUES ('20','289','13','22','0');
INSERT INTO `conferenceMembers` (`ID`,`partcipantsID`,`conferenceID`,`orderID`,`payed`) VALUES ('21','57','10','200','0');
INSERT INTO `conferenceMembers` (`ID`,`partcipantsID`,`conferenceID`,`orderID`,`payed`) VALUES ('22','15','1','57','0');
INSERT INTO `conferenceMembers` (`ID`,`partcipantsID`,`conferenceID`,`orderID`,`payed`) VALUES ('23','298','16','33','0');
INSERT INTO `conferenceMembers` (`ID`,`partcipantsID`,`conferenceID`,`orderID`,`payed`) VALUES ('24','300','4','102','0');
INSERT INTO `conferenceMembers` (`ID`,`partcipantsID`,`conferenceID`,`orderID`,`payed`) VALUES ('25','271','3','19','0');
INSERT INTO `conferenceMembers` (`ID`,`partcipantsID`,`conferenceID`,`orderID`,`payed`) VALUES ('26','300','14','158','0');
INSERT INTO `conferenceMembers` (`ID`,`partcipantsID`,`conferenceID`,`orderID`,`payed`) VALUES ('27','73','2','186','0');
INSERT INTO `conferenceMembers` (`ID`,`partcipantsID`,`conferenceID`,`orderID`,`payed`) VALUES ('28','339','1','89','0');
INSERT INTO `conferenceMembers` (`ID`,`partcipantsID`,`conferenceID`,`orderID`,`payed`) VALUES ('29','244','9','123','0');
INSERT INTO `conferenceMembers` (`ID`,`partcipantsID`,`conferenceID`,`orderID`,`payed`) VALUES ('30','226','18','111','0');
INSERT INTO `conferenceMembers` (`ID`,`partcipantsID`,`conferenceID`,`orderID`,`payed`) VALUES ('31','328','15','121','0');
INSERT INTO `conferenceMembers` (`ID`,`partcipantsID`,`conferenceID`,`orderID`,`payed`) VALUES ('32','446','3','104','0');
INSERT INTO `conferenceMembers` (`ID`,`partcipantsID`,`conferenceID`,`orderID`,`payed`) VALUES ('33','112','13','191','0');
INSERT INTO `conferenceMembers` (`ID`,`partcipantsID`,`conferenceID`,`orderID`,`payed`) VALUES ('34','134','15','115','0');
INSERT INTO `conferenceMembers` (`ID`,`partcipantsID`,`conferenceID`,`orderID`,`payed`) VALUES ('35','410','10','27','0');
INSERT INTO `conferenceMembers` (`ID`,`partcipantsID`,`conferenceID`,`orderID`,`payed`) VALUES ('36','268','12','58','0');
INSERT INTO `conferenceMembers` (`ID`,`partcipantsID`,`conferenceID`,`orderID`,`payed`) VALUES ('37','5','19','108','0');
INSERT INTO `conferenceMembers` (`ID`,`partcipantsID`,`conferenceID`,`orderID`,`payed`) VALUES ('38','397','2','101','0');
INSERT INTO `conferenceMembers` (`ID`,`partcipantsID`,`conferenceID`,`orderID`,`payed`) VALUES ('39','402','3','141','0');
INSERT INTO `conferenceMembers` (`ID`,`partcipantsID`,`conferenceID`,`orderID`,`payed`) VALUES ('40','106','5','25','0');
INSERT INTO `conferenceMembers` (`ID`,`partcipantsID`,`conferenceID`,`orderID`,`payed`) VALUES ('41','415','2','52','0');
INSERT INTO `conferenceMembers` (`ID`,`partcipantsID`,`conferenceID`,`orderID`,`payed`) VALUES ('42','411','17','102','0');
INSERT INTO `conferenceMembers` (`ID`,`partcipantsID`,`conferenceID`,`orderID`,`payed`) VALUES ('43','163','13','28','0');
INSERT INTO `conferenceMembers` (`ID`,`partcipantsID`,`conferenceID`,`orderID`,`payed`) VALUES ('44','105','9','177','0');
INSERT INTO `conferenceMembers` (`ID`,`partcipantsID`,`conferenceID`,`orderID`,`payed`) VALUES ('45','164','9','136','0');
INSERT INTO `conferenceMembers` (`ID`,`partcipantsID`,`conferenceID`,`orderID`,`payed`) VALUES ('46','258','4','114','0');
INSERT INTO `conferenceMembers` (`ID`,`partcipantsID`,`conferenceID`,`orderID`,`payed`) VALUES ('47','143','6','3','0');
INSERT INTO `conferenceMembers` (`ID`,`partcipantsID`,`conferenceID`,`orderID`,`payed`) VALUES ('48','245','3','187','0');
INSERT INTO `conferenceMembers` (`ID`,`partcipantsID`,`conferenceID`,`orderID`,`payed`) VALUES ('49','108','4','83','0');
INSERT INTO `conferenceMembers` (`ID`,`partcipantsID`,`conferenceID`,`orderID`,`payed`) VALUES ('50','6','19','136','0');
INSERT INTO `conferenceMembers` (`ID`,`partcipantsID`,`conferenceID`,`orderID`,`payed`) VALUES ('51','279','17','40','0');
INSERT INTO `conferenceMembers` (`ID`,`partcipantsID`,`conferenceID`,`orderID`,`payed`) VALUES ('52','123','2','197','0');
INSERT INTO `conferenceMembers` (`ID`,`partcipantsID`,`conferenceID`,`orderID`,`payed`) VALUES ('53','251','14','139','0');
INSERT INTO `conferenceMembers` (`ID`,`partcipantsID`,`conferenceID`,`orderID`,`payed`) VALUES ('54','420','6','67','0');
INSERT INTO `conferenceMembers` (`ID`,`partcipantsID`,`conferenceID`,`orderID`,`payed`) VALUES ('55','265','7','125','0');
INSERT INTO `conferenceMembers` (`ID`,`partcipantsID`,`conferenceID`,`orderID`,`payed`) VALUES ('56','243','12','68','0');
INSERT INTO `conferenceMembers` (`ID`,`partcipantsID`,`conferenceID`,`orderID`,`payed`) VALUES ('57','369','15','148','0');
INSERT INTO `conferenceMembers` (`ID`,`partcipantsID`,`conferenceID`,`orderID`,`payed`) VALUES ('58','335','9','17','0');
INSERT INTO `conferenceMembers` (`ID`,`partcipantsID`,`conferenceID`,`orderID`,`payed`) VALUES ('59','118','6','199','0');
INSERT INTO `conferenceMembers` (`ID`,`partcipantsID`,`conferenceID`,`orderID`,`payed`) VALUES ('60','179','20','10','0');
INSERT INTO `conferenceMembers` (`ID`,`partcipantsID`,`conferenceID`,`orderID`,`payed`) VALUES ('61','318','15','175','0');
INSERT INTO `conferenceMembers` (`ID`,`partcipantsID`,`conferenceID`,`orderID`,`payed`) VALUES ('62','500','5','120','0');
INSERT INTO `conferenceMembers` (`ID`,`partcipantsID`,`conferenceID`,`orderID`,`payed`) VALUES ('63','279','5','109','0');
INSERT INTO `conferenceMembers` (`ID`,`partcipantsID`,`conferenceID`,`orderID`,`payed`) VALUES ('64','385','18','149','0');
INSERT INTO `conferenceMembers` (`ID`,`partcipantsID`,`conferenceID`,`orderID`,`payed`) VALUES ('65','316','10','51','0');
INSERT INTO `conferenceMembers` (`ID`,`partcipantsID`,`conferenceID`,`orderID`,`payed`) VALUES ('66','448','7','106','0');
INSERT INTO `conferenceMembers` (`ID`,`partcipantsID`,`conferenceID`,`orderID`,`payed`) VALUES ('67','307','11','122','0');
INSERT INTO `conferenceMembers` (`ID`,`partcipantsID`,`conferenceID`,`orderID`,`payed`) VALUES ('68','247','14','166','0');
INSERT INTO `conferenceMembers` (`ID`,`partcipantsID`,`conferenceID`,`orderID`,`payed`) VALUES ('69','200','15','121','0');
INSERT INTO `conferenceMembers` (`ID`,`partcipantsID`,`conferenceID`,`orderID`,`payed`) VALUES ('70','456','5','185','0');
INSERT INTO `conferenceMembers` (`ID`,`partcipantsID`,`conferenceID`,`orderID`,`payed`) VALUES ('71','211','10','102','0');
INSERT INTO `conferenceMembers` (`ID`,`partcipantsID`,`conferenceID`,`orderID`,`payed`) VALUES ('72','175','6','140','0');
INSERT INTO `conferenceMembers` (`ID`,`partcipantsID`,`conferenceID`,`orderID`,`payed`) VALUES ('73','365','20','57','0');
INSERT INTO `conferenceMembers` (`ID`,`partcipantsID`,`conferenceID`,`orderID`,`payed`) VALUES ('74','143','17','151','0');
INSERT INTO `conferenceMembers` (`ID`,`partcipantsID`,`conferenceID`,`orderID`,`payed`) VALUES ('75','162','8','174','0');
INSERT INTO `conferenceMembers` (`ID`,`partcipantsID`,`conferenceID`,`orderID`,`payed`) VALUES ('76','12','14','189','0');
INSERT INTO `conferenceMembers` (`ID`,`partcipantsID`,`conferenceID`,`orderID`,`payed`) VALUES ('77','200','11','164','0');
INSERT INTO `conferenceMembers` (`ID`,`partcipantsID`,`conferenceID`,`orderID`,`payed`) VALUES ('78','375','15','156','0');
INSERT INTO `conferenceMembers` (`ID`,`partcipantsID`,`conferenceID`,`orderID`,`payed`) VALUES ('79','106','6','73','0');
INSERT INTO `conferenceMembers` (`ID`,`partcipantsID`,`conferenceID`,`orderID`,`payed`) VALUES ('80','269','2','109','0');
INSERT INTO `conferenceMembers` (`ID`,`partcipantsID`,`conferenceID`,`orderID`,`payed`) VALUES ('81','6','17','178','0');
INSERT INTO `conferenceMembers` (`ID`,`partcipantsID`,`conferenceID`,`orderID`,`payed`) VALUES ('82','314','13','40','0');
INSERT INTO `conferenceMembers` (`ID`,`partcipantsID`,`conferenceID`,`orderID`,`payed`) VALUES ('83','4','2','153','0');
INSERT INTO `conferenceMembers` (`ID`,`partcipantsID`,`conferenceID`,`orderID`,`payed`) VALUES ('84','381','15','91','0');
INSERT INTO `conferenceMembers` (`ID`,`partcipantsID`,`conferenceID`,`orderID`,`payed`) VALUES ('85','128','6','94','0');
INSERT INTO `conferenceMembers` (`ID`,`partcipantsID`,`conferenceID`,`orderID`,`payed`) VALUES ('86','6','5','36','0');
INSERT INTO `conferenceMembers` (`ID`,`partcipantsID`,`conferenceID`,`orderID`,`payed`) VALUES ('87','267','11','157','0');
INSERT INTO `conferenceMembers` (`ID`,`partcipantsID`,`conferenceID`,`orderID`,`payed`) VALUES ('88','300','7','68','0');
INSERT INTO `conferenceMembers` (`ID`,`partcipantsID`,`conferenceID`,`orderID`,`payed`) VALUES ('89','72','5','182','0');
INSERT INTO `conferenceMembers` (`ID`,`partcipantsID`,`conferenceID`,`orderID`,`payed`) VALUES ('90','435','3','144','0');
INSERT INTO `conferenceMembers` (`ID`,`partcipantsID`,`conferenceID`,`orderID`,`payed`) VALUES ('91','84','10','182','0');
INSERT INTO `conferenceMembers` (`ID`,`partcipantsID`,`conferenceID`,`orderID`,`payed`) VALUES ('92','95','8','18','0');
INSERT INTO `conferenceMembers` (`ID`,`partcipantsID`,`conferenceID`,`orderID`,`payed`) VALUES ('93','314','12','90','0');
INSERT INTO `conferenceMembers` (`ID`,`partcipantsID`,`conferenceID`,`orderID`,`payed`) VALUES ('94','401','13','172','0');
INSERT INTO `conferenceMembers` (`ID`,`partcipantsID`,`conferenceID`,`orderID`,`payed`) VALUES ('95','82','13','81','0');
INSERT INTO `conferenceMembers` (`ID`,`partcipantsID`,`conferenceID`,`orderID`,`payed`) VALUES ('96','483','15','75','0');
INSERT INTO `conferenceMembers` (`ID`,`partcipantsID`,`conferenceID`,`orderID`,`payed`) VALUES ('97','483','6','176','0');
INSERT INTO `conferenceMembers` (`ID`,`partcipantsID`,`conferenceID`,`orderID`,`payed`) VALUES ('98','191','12','143','0');
INSERT INTO `conferenceMembers` (`ID`,`partcipantsID`,`conferenceID`,`orderID`,`payed`) VALUES ('99','38','13','95','0');
INSERT INTO `conferenceMembers` (`ID`,`partcipantsID`,`conferenceID`,`orderID`,`payed`) VALUES ('100','488','12','142','0');
INSERT INTO `conferenceMembers` (`ID`,`partcipantsID`,`conferenceID`,`orderID`,`payed`) VALUES ('101','58','4','48','0');
INSERT INTO `conferenceMembers` (`ID`,`partcipantsID`,`conferenceID`,`orderID`,`payed`) VALUES ('102','391','2','50','0');
INSERT INTO `conferenceMembers` (`ID`,`partcipantsID`,`conferenceID`,`orderID`,`payed`) VALUES ('103','371','14','142','0');
INSERT INTO `conferenceMembers` (`ID`,`partcipantsID`,`conferenceID`,`orderID`,`payed`) VALUES ('104','196','2','163','0');
INSERT INTO `conferenceMembers` (`ID`,`partcipantsID`,`conferenceID`,`orderID`,`payed`) VALUES ('105','180','14','39','0');
INSERT INTO `conferenceMembers` (`ID`,`partcipantsID`,`conferenceID`,`orderID`,`payed`) VALUES ('106','143','19','58','0');
INSERT INTO `conferenceMembers` (`ID`,`partcipantsID`,`conferenceID`,`orderID`,`payed`) VALUES ('107','262','16','126','0');
INSERT INTO `conferenceMembers` (`ID`,`partcipantsID`,`conferenceID`,`orderID`,`payed`) VALUES ('108','163','7','21','0');
INSERT INTO `conferenceMembers` (`ID`,`partcipantsID`,`conferenceID`,`orderID`,`payed`) VALUES ('109','246','7','71','0');
INSERT INTO `conferenceMembers` (`ID`,`partcipantsID`,`conferenceID`,`orderID`,`payed`) VALUES ('110','220','13','43','0');
INSERT INTO `conferenceMembers` (`ID`,`partcipantsID`,`conferenceID`,`orderID`,`payed`) VALUES ('111','127','19','178','0');
INSERT INTO `conferenceMembers` (`ID`,`partcipantsID`,`conferenceID`,`orderID`,`payed`) VALUES ('112','1','15','1','0');
INSERT INTO `conferenceMembers` (`ID`,`partcipantsID`,`conferenceID`,`orderID`,`payed`) VALUES ('113','196','4','21','0');
INSERT INTO `conferenceMembers` (`ID`,`partcipantsID`,`conferenceID`,`orderID`,`payed`) VALUES ('114','50','8','8','0');
INSERT INTO `conferenceMembers` (`ID`,`partcipantsID`,`conferenceID`,`orderID`,`payed`) VALUES ('115','78','14','25','0');
INSERT INTO `conferenceMembers` (`ID`,`partcipantsID`,`conferenceID`,`orderID`,`payed`) VALUES ('116','498','5','184','0');
INSERT INTO `conferenceMembers` (`ID`,`partcipantsID`,`conferenceID`,`orderID`,`payed`) VALUES ('117','281','6','152','0');
INSERT INTO `conferenceMembers` (`ID`,`partcipantsID`,`conferenceID`,`orderID`,`payed`) VALUES ('118','437','20','37','0');
INSERT INTO `conferenceMembers` (`ID`,`partcipantsID`,`conferenceID`,`orderID`,`payed`) VALUES ('119','447','2','155','0');
INSERT INTO `conferenceMembers` (`ID`,`partcipantsID`,`conferenceID`,`orderID`,`payed`) VALUES ('120','385','16','52','0');
INSERT INTO `conferenceMembers` (`ID`,`partcipantsID`,`conferenceID`,`orderID`,`payed`) VALUES ('121','485','8','168','0');
INSERT INTO `conferenceMembers` (`ID`,`partcipantsID`,`conferenceID`,`orderID`,`payed`) VALUES ('122','375','18','139','0');
INSERT INTO `conferenceMembers` (`ID`,`partcipantsID`,`conferenceID`,`orderID`,`payed`) VALUES ('123','266','17','78','0');
INSERT INTO `conferenceMembers` (`ID`,`partcipantsID`,`conferenceID`,`orderID`,`payed`) VALUES ('124','18','7','2','0');
INSERT INTO `conferenceMembers` (`ID`,`partcipantsID`,`conferenceID`,`orderID`,`payed`) VALUES ('125','289','16','120','0');
INSERT INTO `conferenceMembers` (`ID`,`partcipantsID`,`conferenceID`,`orderID`,`payed`) VALUES ('126','368','16','116','0');
INSERT INTO `conferenceMembers` (`ID`,`partcipantsID`,`conferenceID`,`orderID`,`payed`) VALUES ('127','425','7','105','0');
INSERT INTO `conferenceMembers` (`ID`,`partcipantsID`,`conferenceID`,`orderID`,`payed`) VALUES ('128','63','16','156','0');
INSERT INTO `conferenceMembers` (`ID`,`partcipantsID`,`conferenceID`,`orderID`,`payed`) VALUES ('129','68','13','33','0');
INSERT INTO `conferenceMembers` (`ID`,`partcipantsID`,`conferenceID`,`orderID`,`payed`) VALUES ('130','243','18','158','0');
INSERT INTO `conferenceMembers` (`ID`,`partcipantsID`,`conferenceID`,`orderID`,`payed`) VALUES ('131','336','4','109','0');
INSERT INTO `conferenceMembers` (`ID`,`partcipantsID`,`conferenceID`,`orderID`,`payed`) VALUES ('132','240','12','61','0');
INSERT INTO `conferenceMembers` (`ID`,`partcipantsID`,`conferenceID`,`orderID`,`payed`) VALUES ('133','158','19','102','0');
INSERT INTO `conferenceMembers` (`ID`,`partcipantsID`,`conferenceID`,`orderID`,`payed`) VALUES ('134','342','2','136','0');
INSERT INTO `conferenceMembers` (`ID`,`partcipantsID`,`conferenceID`,`orderID`,`payed`) VALUES ('135','217','4','31','0');
INSERT INTO `conferenceMembers` (`ID`,`partcipantsID`,`conferenceID`,`orderID`,`payed`) VALUES ('136','488','19','131','0');
INSERT INTO `conferenceMembers` (`ID`,`partcipantsID`,`conferenceID`,`orderID`,`payed`) VALUES ('137','272','17','199','0');
INSERT INTO `conferenceMembers` (`ID`,`partcipantsID`,`conferenceID`,`orderID`,`payed`) VALUES ('138','337','16','9','0');
INSERT INTO `conferenceMembers` (`ID`,`partcipantsID`,`conferenceID`,`orderID`,`payed`) VALUES ('139','479','12','11','0');
INSERT INTO `conferenceMembers` (`ID`,`partcipantsID`,`conferenceID`,`orderID`,`payed`) VALUES ('140','67','8','99','0');
INSERT INTO `conferenceMembers` (`ID`,`partcipantsID`,`conferenceID`,`orderID`,`payed`) VALUES ('141','129','20','101','0');
INSERT INTO `conferenceMembers` (`ID`,`partcipantsID`,`conferenceID`,`orderID`,`payed`) VALUES ('142','41','4','95','0');
INSERT INTO `conferenceMembers` (`ID`,`partcipantsID`,`conferenceID`,`orderID`,`payed`) VALUES ('143','189','13','15','0');
INSERT INTO `conferenceMembers` (`ID`,`partcipantsID`,`conferenceID`,`orderID`,`payed`) VALUES ('144','275','15','93','0');
INSERT INTO `conferenceMembers` (`ID`,`partcipantsID`,`conferenceID`,`orderID`,`payed`) VALUES ('145','270','10','24','0');
INSERT INTO `conferenceMembers` (`ID`,`partcipantsID`,`conferenceID`,`orderID`,`payed`) VALUES ('146','119','4','112','0');
INSERT INTO `conferenceMembers` (`ID`,`partcipantsID`,`conferenceID`,`orderID`,`payed`) VALUES ('147','372','13','127','0');
INSERT INTO `conferenceMembers` (`ID`,`partcipantsID`,`conferenceID`,`orderID`,`payed`) VALUES ('148','482','3','66','0');
INSERT INTO `conferenceMembers` (`ID`,`partcipantsID`,`conferenceID`,`orderID`,`payed`) VALUES ('149','61','17','32','0');
INSERT INTO `conferenceMembers` (`ID`,`partcipantsID`,`conferenceID`,`orderID`,`payed`) VALUES ('150','3','13','144','0');
INSERT INTO `conferenceMembers` (`ID`,`partcipantsID`,`conferenceID`,`orderID`,`payed`) VALUES ('151','126','16','147','0');
INSERT INTO `conferenceMembers` (`ID`,`partcipantsID`,`conferenceID`,`orderID`,`payed`) VALUES ('152','256','4','179','0');
INSERT INTO `conferenceMembers` (`ID`,`partcipantsID`,`conferenceID`,`orderID`,`payed`) VALUES ('153','325','1','53','0');
INSERT INTO `conferenceMembers` (`ID`,`partcipantsID`,`conferenceID`,`orderID`,`payed`) VALUES ('154','86','17','17','0');
INSERT INTO `conferenceMembers` (`ID`,`partcipantsID`,`conferenceID`,`orderID`,`payed`) VALUES ('155','214','15','159','0');
INSERT INTO `conferenceMembers` (`ID`,`partcipantsID`,`conferenceID`,`orderID`,`payed`) VALUES ('156','419','3','122','0');
INSERT INTO `conferenceMembers` (`ID`,`partcipantsID`,`conferenceID`,`orderID`,`payed`) VALUES ('157','473','16','32','0');
INSERT INTO `conferenceMembers` (`ID`,`partcipantsID`,`conferenceID`,`orderID`,`payed`) VALUES ('158','198','18','67','0');
INSERT INTO `conferenceMembers` (`ID`,`partcipantsID`,`conferenceID`,`orderID`,`payed`) VALUES ('159','333','2','90','0');
INSERT INTO `conferenceMembers` (`ID`,`partcipantsID`,`conferenceID`,`orderID`,`payed`) VALUES ('160','131','7','46','0');
INSERT INTO `conferenceMembers` (`ID`,`partcipantsID`,`conferenceID`,`orderID`,`payed`) VALUES ('161','174','10','160','0');
INSERT INTO `conferenceMembers` (`ID`,`partcipantsID`,`conferenceID`,`orderID`,`payed`) VALUES ('162','154','18','87','0');
INSERT INTO `conferenceMembers` (`ID`,`partcipantsID`,`conferenceID`,`orderID`,`payed`) VALUES ('163','297','5','25','0');
INSERT INTO `conferenceMembers` (`ID`,`partcipantsID`,`conferenceID`,`orderID`,`payed`) VALUES ('164','171','15','78','0');
INSERT INTO `conferenceMembers` (`ID`,`partcipantsID`,`conferenceID`,`orderID`,`payed`) VALUES ('165','249','11','48','0');
INSERT INTO `conferenceMembers` (`ID`,`partcipantsID`,`conferenceID`,`orderID`,`payed`) VALUES ('166','212','12','108','0');
INSERT INTO `conferenceMembers` (`ID`,`partcipantsID`,`conferenceID`,`orderID`,`payed`) VALUES ('167','317','20','53','0');
INSERT INTO `conferenceMembers` (`ID`,`partcipantsID`,`conferenceID`,`orderID`,`payed`) VALUES ('168','162','10','161','0');
INSERT INTO `conferenceMembers` (`ID`,`partcipantsID`,`conferenceID`,`orderID`,`payed`) VALUES ('169','490','13','38','0');
INSERT INTO `conferenceMembers` (`ID`,`partcipantsID`,`conferenceID`,`orderID`,`payed`) VALUES ('170','241','13','5','0');
INSERT INTO `conferenceMembers` (`ID`,`partcipantsID`,`conferenceID`,`orderID`,`payed`) VALUES ('171','422','3','101','0');
INSERT INTO `conferenceMembers` (`ID`,`partcipantsID`,`conferenceID`,`orderID`,`payed`) VALUES ('172','437','18','95','0');
INSERT INTO `conferenceMembers` (`ID`,`partcipantsID`,`conferenceID`,`orderID`,`payed`) VALUES ('173','221','15','53','0');
INSERT INTO `conferenceMembers` (`ID`,`partcipantsID`,`conferenceID`,`orderID`,`payed`) VALUES ('174','137','16','191','0');
INSERT INTO `conferenceMembers` (`ID`,`partcipantsID`,`conferenceID`,`orderID`,`payed`) VALUES ('175','392','5','160','0');
INSERT INTO `conferenceMembers` (`ID`,`partcipantsID`,`conferenceID`,`orderID`,`payed`) VALUES ('176','353','13','156','0');
INSERT INTO `conferenceMembers` (`ID`,`partcipantsID`,`conferenceID`,`orderID`,`payed`) VALUES ('177','102','20','195','0');
INSERT INTO `conferenceMembers` (`ID`,`partcipantsID`,`conferenceID`,`orderID`,`payed`) VALUES ('178','293','20','152','0');
INSERT INTO `conferenceMembers` (`ID`,`partcipantsID`,`conferenceID`,`orderID`,`payed`) VALUES ('179','67','6','123','0');
INSERT INTO `conferenceMembers` (`ID`,`partcipantsID`,`conferenceID`,`orderID`,`payed`) VALUES ('180','78','2','76','0');
INSERT INTO `conferenceMembers` (`ID`,`partcipantsID`,`conferenceID`,`orderID`,`payed`) VALUES ('181','396','13','93','0');
INSERT INTO `conferenceMembers` (`ID`,`partcipantsID`,`conferenceID`,`orderID`,`payed`) VALUES ('182','218','9','194','0');
INSERT INTO `conferenceMembers` (`ID`,`partcipantsID`,`conferenceID`,`orderID`,`payed`) VALUES ('183','315','16','65','0');
INSERT INTO `conferenceMembers` (`ID`,`partcipantsID`,`conferenceID`,`orderID`,`payed`) VALUES ('184','186','3','4','0');
INSERT INTO `conferenceMembers` (`ID`,`partcipantsID`,`conferenceID`,`orderID`,`payed`) VALUES ('185','33','20','52','0');
INSERT INTO `conferenceMembers` (`ID`,`partcipantsID`,`conferenceID`,`orderID`,`payed`) VALUES ('186','489','1','16','0');
INSERT INTO `conferenceMembers` (`ID`,`partcipantsID`,`conferenceID`,`orderID`,`payed`) VALUES ('187','141','14','24','0');
INSERT INTO `conferenceMembers` (`ID`,`partcipantsID`,`conferenceID`,`orderID`,`payed`) VALUES ('188','389','10','7','0');
INSERT INTO `conferenceMembers` (`ID`,`partcipantsID`,`conferenceID`,`orderID`,`payed`) VALUES ('189','65','10','127','0');
INSERT INTO `conferenceMembers` (`ID`,`partcipantsID`,`conferenceID`,`orderID`,`payed`) VALUES ('190','453','13','157','0');
INSERT INTO `conferenceMembers` (`ID`,`partcipantsID`,`conferenceID`,`orderID`,`payed`) VALUES ('191','185','3','174','0');
INSERT INTO `conferenceMembers` (`ID`,`partcipantsID`,`conferenceID`,`orderID`,`payed`) VALUES ('192','105','18','63','0');
INSERT INTO `conferenceMembers` (`ID`,`partcipantsID`,`conferenceID`,`orderID`,`payed`) VALUES ('193','437','12','185','0');
INSERT INTO `conferenceMembers` (`ID`,`partcipantsID`,`conferenceID`,`orderID`,`payed`) VALUES ('194','295','1','193','0');
INSERT INTO `conferenceMembers` (`ID`,`partcipantsID`,`conferenceID`,`orderID`,`payed`) VALUES ('195','349','2','62','0');
INSERT INTO `conferenceMembers` (`ID`,`partcipantsID`,`conferenceID`,`orderID`,`payed`) VALUES ('196','287','7','8','0');
INSERT INTO `conferenceMembers` (`ID`,`partcipantsID`,`conferenceID`,`orderID`,`payed`) VALUES ('197','416','14','54','0');
INSERT INTO `conferenceMembers` (`ID`,`partcipantsID`,`conferenceID`,`orderID`,`payed`) VALUES ('198','136','2','55','0');
INSERT INTO `conferenceMembers` (`ID`,`partcipantsID`,`conferenceID`,`orderID`,`payed`) VALUES ('199','80','3','76','0');
INSERT INTO `conferenceMembers` (`ID`,`partcipantsID`,`conferenceID`,`orderID`,`payed`) VALUES ('200','12','14','129','0');
INSERT INTO `conferenceMembers` (`ID`,`partcipantsID`,`conferenceID`,`orderID`,`payed`) VALUES ('201','133','12','150','0');
INSERT INTO `conferenceMembers` (`ID`,`partcipantsID`,`conferenceID`,`orderID`,`payed`) VALUES ('202','286','15','145','0');
INSERT INTO `conferenceMembers` (`ID`,`partcipantsID`,`conferenceID`,`orderID`,`payed`) VALUES ('203','394','1','148','0');
INSERT INTO `conferenceMembers` (`ID`,`partcipantsID`,`conferenceID`,`orderID`,`payed`) VALUES ('204','185','16','13','0');
INSERT INTO `conferenceMembers` (`ID`,`partcipantsID`,`conferenceID`,`orderID`,`payed`) VALUES ('205','226','7','188','0');
INSERT INTO `conferenceMembers` (`ID`,`partcipantsID`,`conferenceID`,`orderID`,`payed`) VALUES ('206','190','5','73','0');
INSERT INTO `conferenceMembers` (`ID`,`partcipantsID`,`conferenceID`,`orderID`,`payed`) VALUES ('207','173','15','182','0');
INSERT INTO `conferenceMembers` (`ID`,`partcipantsID`,`conferenceID`,`orderID`,`payed`) VALUES ('208','217','11','53','0');
INSERT INTO `conferenceMembers` (`ID`,`partcipantsID`,`conferenceID`,`orderID`,`payed`) VALUES ('209','59','1','111','0');
INSERT INTO `conferenceMembers` (`ID`,`partcipantsID`,`conferenceID`,`orderID`,`payed`) VALUES ('210','359','6','192','0');
INSERT INTO `conferenceMembers` (`ID`,`partcipantsID`,`conferenceID`,`orderID`,`payed`) VALUES ('211','153','14','173','0');
INSERT INTO `conferenceMembers` (`ID`,`partcipantsID`,`conferenceID`,`orderID`,`payed`) VALUES ('212','238','19','175','0');
INSERT INTO `conferenceMembers` (`ID`,`partcipantsID`,`conferenceID`,`orderID`,`payed`) VALUES ('213','126','17','130','0');
INSERT INTO `conferenceMembers` (`ID`,`partcipantsID`,`conferenceID`,`orderID`,`payed`) VALUES ('214','8','1','34','0');
INSERT INTO `conferenceMembers` (`ID`,`partcipantsID`,`conferenceID`,`orderID`,`payed`) VALUES ('215','375','2','146','0');
INSERT INTO `conferenceMembers` (`ID`,`partcipantsID`,`conferenceID`,`orderID`,`payed`) VALUES ('216','312','20','176','0');
INSERT INTO `conferenceMembers` (`ID`,`partcipantsID`,`conferenceID`,`orderID`,`payed`) VALUES ('217','1','9','86','0');
INSERT INTO `conferenceMembers` (`ID`,`partcipantsID`,`conferenceID`,`orderID`,`payed`) VALUES ('218','354','8','45','0');
INSERT INTO `conferenceMembers` (`ID`,`partcipantsID`,`conferenceID`,`orderID`,`payed`) VALUES ('219','41','2','138','0');
INSERT INTO `conferenceMembers` (`ID`,`partcipantsID`,`conferenceID`,`orderID`,`payed`) VALUES ('220','6','12','97','0');
INSERT INTO `conferenceMembers` (`ID`,`partcipantsID`,`conferenceID`,`orderID`,`payed`) VALUES ('221','185','3','179','0');
INSERT INTO `conferenceMembers` (`ID`,`partcipantsID`,`conferenceID`,`orderID`,`payed`) VALUES ('222','69','2','149','0');
INSERT INTO `conferenceMembers` (`ID`,`partcipantsID`,`conferenceID`,`orderID`,`payed`) VALUES ('223','67','10','14','0');
INSERT INTO `conferenceMembers` (`ID`,`partcipantsID`,`conferenceID`,`orderID`,`payed`) VALUES ('224','233','19','100','0');
INSERT INTO `conferenceMembers` (`ID`,`partcipantsID`,`conferenceID`,`orderID`,`payed`) VALUES ('225','188','19','38','0');
INSERT INTO `conferenceMembers` (`ID`,`partcipantsID`,`conferenceID`,`orderID`,`payed`) VALUES ('226','157','9','19','0');
INSERT INTO `conferenceMembers` (`ID`,`partcipantsID`,`conferenceID`,`orderID`,`payed`) VALUES ('227','249','16','191','0');
INSERT INTO `conferenceMembers` (`ID`,`partcipantsID`,`conferenceID`,`orderID`,`payed`) VALUES ('228','171','9','155','0');
INSERT INTO `conferenceMembers` (`ID`,`partcipantsID`,`conferenceID`,`orderID`,`payed`) VALUES ('229','281','14','19','0');
INSERT INTO `conferenceMembers` (`ID`,`partcipantsID`,`conferenceID`,`orderID`,`payed`) VALUES ('230','362','17','118','0');
INSERT INTO `conferenceMembers` (`ID`,`partcipantsID`,`conferenceID`,`orderID`,`payed`) VALUES ('231','156','14','123','0');
INSERT INTO `conferenceMembers` (`ID`,`partcipantsID`,`conferenceID`,`orderID`,`payed`) VALUES ('232','299','3','49','0');
INSERT INTO `conferenceMembers` (`ID`,`partcipantsID`,`conferenceID`,`orderID`,`payed`) VALUES ('233','21','9','12','0');
INSERT INTO `conferenceMembers` (`ID`,`partcipantsID`,`conferenceID`,`orderID`,`payed`) VALUES ('234','421','4','150','0');
INSERT INTO `conferenceMembers` (`ID`,`partcipantsID`,`conferenceID`,`orderID`,`payed`) VALUES ('235','467','14','170','0');
INSERT INTO `conferenceMembers` (`ID`,`partcipantsID`,`conferenceID`,`orderID`,`payed`) VALUES ('236','67','13','197','0');
INSERT INTO `conferenceMembers` (`ID`,`partcipantsID`,`conferenceID`,`orderID`,`payed`) VALUES ('237','140','2','79','0');
INSERT INTO `conferenceMembers` (`ID`,`partcipantsID`,`conferenceID`,`orderID`,`payed`) VALUES ('238','457','20','172','0');
INSERT INTO `conferenceMembers` (`ID`,`partcipantsID`,`conferenceID`,`orderID`,`payed`) VALUES ('239','316','10','1','0');
INSERT INTO `conferenceMembers` (`ID`,`partcipantsID`,`conferenceID`,`orderID`,`payed`) VALUES ('240','292','5','41','0');
INSERT INTO `conferenceMembers` (`ID`,`partcipantsID`,`conferenceID`,`orderID`,`payed`) VALUES ('241','339','6','196','0');
INSERT INTO `conferenceMembers` (`ID`,`partcipantsID`,`conferenceID`,`orderID`,`payed`) VALUES ('242','205','15','171','0');
INSERT INTO `conferenceMembers` (`ID`,`partcipantsID`,`conferenceID`,`orderID`,`payed`) VALUES ('243','214','14','123','0');
INSERT INTO `conferenceMembers` (`ID`,`partcipantsID`,`conferenceID`,`orderID`,`payed`) VALUES ('244','158','12','51','0');
INSERT INTO `conferenceMembers` (`ID`,`partcipantsID`,`conferenceID`,`orderID`,`payed`) VALUES ('245','337','13','119','0');
INSERT INTO `conferenceMembers` (`ID`,`partcipantsID`,`conferenceID`,`orderID`,`payed`) VALUES ('246','313','10','163','0');
INSERT INTO `conferenceMembers` (`ID`,`partcipantsID`,`conferenceID`,`orderID`,`payed`) VALUES ('247','461','17','97','0');
INSERT INTO `conferenceMembers` (`ID`,`partcipantsID`,`conferenceID`,`orderID`,`payed`) VALUES ('248','30','14','26','0');
INSERT INTO `conferenceMembers` (`ID`,`partcipantsID`,`conferenceID`,`orderID`,`payed`) VALUES ('249','472','3','51','0');
INSERT INTO `conferenceMembers` (`ID`,`partcipantsID`,`conferenceID`,`orderID`,`payed`) VALUES ('250','418','3','139','0');
INSERT INTO `conferenceMembers` (`ID`,`partcipantsID`,`conferenceID`,`orderID`,`payed`) VALUES ('251','404','7','165','0');
INSERT INTO `conferenceMembers` (`ID`,`partcipantsID`,`conferenceID`,`orderID`,`payed`) VALUES ('252','453','2','144','0');
INSERT INTO `conferenceMembers` (`ID`,`partcipantsID`,`conferenceID`,`orderID`,`payed`) VALUES ('253','363','7','33','0');
INSERT INTO `conferenceMembers` (`ID`,`partcipantsID`,`conferenceID`,`orderID`,`payed`) VALUES ('254','380','20','122','0');
INSERT INTO `conferenceMembers` (`ID`,`partcipantsID`,`conferenceID`,`orderID`,`payed`) VALUES ('255','393','2','38','0');
INSERT INTO `conferenceMembers` (`ID`,`partcipantsID`,`conferenceID`,`orderID`,`payed`) VALUES ('256','389','7','116','0');
INSERT INTO `conferenceMembers` (`ID`,`partcipantsID`,`conferenceID`,`orderID`,`payed`) VALUES ('257','211','17','15','0');
INSERT INTO `conferenceMembers` (`ID`,`partcipantsID`,`conferenceID`,`orderID`,`payed`) VALUES ('258','469','16','105','0');
INSERT INTO `conferenceMembers` (`ID`,`partcipantsID`,`conferenceID`,`orderID`,`payed`) VALUES ('259','38','7','173','0');
INSERT INTO `conferenceMembers` (`ID`,`partcipantsID`,`conferenceID`,`orderID`,`payed`) VALUES ('260','212','12','112','0');
INSERT INTO `conferenceMembers` (`ID`,`partcipantsID`,`conferenceID`,`orderID`,`payed`) VALUES ('261','445','15','100','0');
INSERT INTO `conferenceMembers` (`ID`,`partcipantsID`,`conferenceID`,`orderID`,`payed`) VALUES ('262','347','3','66','0');
INSERT INTO `conferenceMembers` (`ID`,`partcipantsID`,`conferenceID`,`orderID`,`payed`) VALUES ('263','97','11','65','0');
INSERT INTO `conferenceMembers` (`ID`,`partcipantsID`,`conferenceID`,`orderID`,`payed`) VALUES ('264','415','19','138','0');
INSERT INTO `conferenceMembers` (`ID`,`partcipantsID`,`conferenceID`,`orderID`,`payed`) VALUES ('265','367','16','102','0');
INSERT INTO `conferenceMembers` (`ID`,`partcipantsID`,`conferenceID`,`orderID`,`payed`) VALUES ('266','265','1','83','0');
INSERT INTO `conferenceMembers` (`ID`,`partcipantsID`,`conferenceID`,`orderID`,`payed`) VALUES ('267','189','6','118','0');
INSERT INTO `conferenceMembers` (`ID`,`partcipantsID`,`conferenceID`,`orderID`,`payed`) VALUES ('268','429','3','190','0');
INSERT INTO `conferenceMembers` (`ID`,`partcipantsID`,`conferenceID`,`orderID`,`payed`) VALUES ('269','432','9','79','0');
INSERT INTO `conferenceMembers` (`ID`,`partcipantsID`,`conferenceID`,`orderID`,`payed`) VALUES ('270','273','15','8','0');
INSERT INTO `conferenceMembers` (`ID`,`partcipantsID`,`conferenceID`,`orderID`,`payed`) VALUES ('271','120','8','142','0');
INSERT INTO `conferenceMembers` (`ID`,`partcipantsID`,`conferenceID`,`orderID`,`payed`) VALUES ('272','132','8','65','0');
INSERT INTO `conferenceMembers` (`ID`,`partcipantsID`,`conferenceID`,`orderID`,`payed`) VALUES ('273','79','17','133','0');
INSERT INTO `conferenceMembers` (`ID`,`partcipantsID`,`conferenceID`,`orderID`,`payed`) VALUES ('274','431','2','59','0');
INSERT INTO `conferenceMembers` (`ID`,`partcipantsID`,`conferenceID`,`orderID`,`payed`) VALUES ('275','177','18','8','0');
INSERT INTO `conferenceMembers` (`ID`,`partcipantsID`,`conferenceID`,`orderID`,`payed`) VALUES ('276','11','20','192','0');
INSERT INTO `conferenceMembers` (`ID`,`partcipantsID`,`conferenceID`,`orderID`,`payed`) VALUES ('277','213','7','88','0');
INSERT INTO `conferenceMembers` (`ID`,`partcipantsID`,`conferenceID`,`orderID`,`payed`) VALUES ('278','37','10','142','0');
INSERT INTO `conferenceMembers` (`ID`,`partcipantsID`,`conferenceID`,`orderID`,`payed`) VALUES ('279','419','9','77','0');
INSERT INTO `conferenceMembers` (`ID`,`partcipantsID`,`conferenceID`,`orderID`,`payed`) VALUES ('280','405','15','19','0');
INSERT INTO `conferenceMembers` (`ID`,`partcipantsID`,`conferenceID`,`orderID`,`payed`) VALUES ('281','267','16','131','0');
INSERT INTO `conferenceMembers` (`ID`,`partcipantsID`,`conferenceID`,`orderID`,`payed`) VALUES ('282','417','19','127','0');
INSERT INTO `conferenceMembers` (`ID`,`partcipantsID`,`conferenceID`,`orderID`,`payed`) VALUES ('283','412','14','80','0');
INSERT INTO `conferenceMembers` (`ID`,`partcipantsID`,`conferenceID`,`orderID`,`payed`) VALUES ('284','327','8','146','0');
INSERT INTO `conferenceMembers` (`ID`,`partcipantsID`,`conferenceID`,`orderID`,`payed`) VALUES ('285','351','4','10','0');
INSERT INTO `conferenceMembers` (`ID`,`partcipantsID`,`conferenceID`,`orderID`,`payed`) VALUES ('286','322','16','18','0');
INSERT INTO `conferenceMembers` (`ID`,`partcipantsID`,`conferenceID`,`orderID`,`payed`) VALUES ('287','85','10','116','0');
INSERT INTO `conferenceMembers` (`ID`,`partcipantsID`,`conferenceID`,`orderID`,`payed`) VALUES ('288','87','14','189','0');
INSERT INTO `conferenceMembers` (`ID`,`partcipantsID`,`conferenceID`,`orderID`,`payed`) VALUES ('289','215','12','20','0');
INSERT INTO `conferenceMembers` (`ID`,`partcipantsID`,`conferenceID`,`orderID`,`payed`) VALUES ('290','273','15','90','0');
INSERT INTO `conferenceMembers` (`ID`,`partcipantsID`,`conferenceID`,`orderID`,`payed`) VALUES ('291','202','17','43','0');
INSERT INTO `conferenceMembers` (`ID`,`partcipantsID`,`conferenceID`,`orderID`,`payed`) VALUES ('292','99','19','28','0');
INSERT INTO `conferenceMembers` (`ID`,`partcipantsID`,`conferenceID`,`orderID`,`payed`) VALUES ('293','52','4','135','0');
INSERT INTO `conferenceMembers` (`ID`,`partcipantsID`,`conferenceID`,`orderID`,`payed`) VALUES ('294','471','16','46','0');
INSERT INTO `conferenceMembers` (`ID`,`partcipantsID`,`conferenceID`,`orderID`,`payed`) VALUES ('295','116','17','18','0');
INSERT INTO `conferenceMembers` (`ID`,`partcipantsID`,`conferenceID`,`orderID`,`payed`) VALUES ('296','238','1','22','0');
INSERT INTO `conferenceMembers` (`ID`,`partcipantsID`,`conferenceID`,`orderID`,`payed`) VALUES ('297','316','5','33','0');
INSERT INTO `conferenceMembers` (`ID`,`partcipantsID`,`conferenceID`,`orderID`,`payed`) VALUES ('298','471','13','109','0');
INSERT INTO `conferenceMembers` (`ID`,`partcipantsID`,`conferenceID`,`orderID`,`payed`) VALUES ('299','230','16','80','0');
INSERT INTO `conferenceMembers` (`ID`,`partcipantsID`,`conferenceID`,`orderID`,`payed`) VALUES ('300','346','11','111','0');
INSERT INTO `conferenceMembers` (`ID`,`partcipantsID`,`conferenceID`,`orderID`,`payed`) VALUES ('301','360','5','109','0');
INSERT INTO `conferenceMembers` (`ID`,`partcipantsID`,`conferenceID`,`orderID`,`payed`) VALUES ('302','495','16','154','0');
INSERT INTO `conferenceMembers` (`ID`,`partcipantsID`,`conferenceID`,`orderID`,`payed`) VALUES ('303','286','18','125','0');
INSERT INTO `conferenceMembers` (`ID`,`partcipantsID`,`conferenceID`,`orderID`,`payed`) VALUES ('304','444','15','190','0');
INSERT INTO `conferenceMembers` (`ID`,`partcipantsID`,`conferenceID`,`orderID`,`payed`) VALUES ('305','470','3','139','0');
INSERT INTO `conferenceMembers` (`ID`,`partcipantsID`,`conferenceID`,`orderID`,`payed`) VALUES ('306','363','5','45','0');
INSERT INTO `conferenceMembers` (`ID`,`partcipantsID`,`conferenceID`,`orderID`,`payed`) VALUES ('307','495','13','169','0');
INSERT INTO `conferenceMembers` (`ID`,`partcipantsID`,`conferenceID`,`orderID`,`payed`) VALUES ('308','80','8','95','0');
INSERT INTO `conferenceMembers` (`ID`,`partcipantsID`,`conferenceID`,`orderID`,`payed`) VALUES ('309','312','1','108','0');
INSERT INTO `conferenceMembers` (`ID`,`partcipantsID`,`conferenceID`,`orderID`,`payed`) VALUES ('310','392','7','167','0');
INSERT INTO `conferenceMembers` (`ID`,`partcipantsID`,`conferenceID`,`orderID`,`payed`) VALUES ('311','82','10','80','0');
INSERT INTO `conferenceMembers` (`ID`,`partcipantsID`,`conferenceID`,`orderID`,`payed`) VALUES ('312','93','7','114','0');
INSERT INTO `conferenceMembers` (`ID`,`partcipantsID`,`conferenceID`,`orderID`,`payed`) VALUES ('313','229','6','1','0');
INSERT INTO `conferenceMembers` (`ID`,`partcipantsID`,`conferenceID`,`orderID`,`payed`) VALUES ('314','248','5','74','0');
INSERT INTO `conferenceMembers` (`ID`,`partcipantsID`,`conferenceID`,`orderID`,`payed`) VALUES ('315','425','5','33','0');
INSERT INTO `conferenceMembers` (`ID`,`partcipantsID`,`conferenceID`,`orderID`,`payed`) VALUES ('316','302','13','178','0');
INSERT INTO `conferenceMembers` (`ID`,`partcipantsID`,`conferenceID`,`orderID`,`payed`) VALUES ('317','327','9','168','0');
INSERT INTO `conferenceMembers` (`ID`,`partcipantsID`,`conferenceID`,`orderID`,`payed`) VALUES ('318','365','14','158','0');
INSERT INTO `conferenceMembers` (`ID`,`partcipantsID`,`conferenceID`,`orderID`,`payed`) VALUES ('319','61','4','189','0');
INSERT INTO `conferenceMembers` (`ID`,`partcipantsID`,`conferenceID`,`orderID`,`payed`) VALUES ('320','267','11','86','0');
INSERT INTO `conferenceMembers` (`ID`,`partcipantsID`,`conferenceID`,`orderID`,`payed`) VALUES ('321','386','9','35','0');
INSERT INTO `conferenceMembers` (`ID`,`partcipantsID`,`conferenceID`,`orderID`,`payed`) VALUES ('322','330','11','150','0');
INSERT INTO `conferenceMembers` (`ID`,`partcipantsID`,`conferenceID`,`orderID`,`payed`) VALUES ('323','376','19','104','0');
INSERT INTO `conferenceMembers` (`ID`,`partcipantsID`,`conferenceID`,`orderID`,`payed`) VALUES ('324','275','9','117','0');
INSERT INTO `conferenceMembers` (`ID`,`partcipantsID`,`conferenceID`,`orderID`,`payed`) VALUES ('325','412','9','128','0');
INSERT INTO `conferenceMembers` (`ID`,`partcipantsID`,`conferenceID`,`orderID`,`payed`) VALUES ('326','43','9','89','0');
INSERT INTO `conferenceMembers` (`ID`,`partcipantsID`,`conferenceID`,`orderID`,`payed`) VALUES ('327','308','8','103','0');
INSERT INTO `conferenceMembers` (`ID`,`partcipantsID`,`conferenceID`,`orderID`,`payed`) VALUES ('328','448','19','28','0');
INSERT INTO `conferenceMembers` (`ID`,`partcipantsID`,`conferenceID`,`orderID`,`payed`) VALUES ('329','188','7','187','0');
INSERT INTO `conferenceMembers` (`ID`,`partcipantsID`,`conferenceID`,`orderID`,`payed`) VALUES ('330','427','14','109','0');
INSERT INTO `conferenceMembers` (`ID`,`partcipantsID`,`conferenceID`,`orderID`,`payed`) VALUES ('331','296','2','192','0');
INSERT INTO `conferenceMembers` (`ID`,`partcipantsID`,`conferenceID`,`orderID`,`payed`) VALUES ('332','229','11','69','0');
INSERT INTO `conferenceMembers` (`ID`,`partcipantsID`,`conferenceID`,`orderID`,`payed`) VALUES ('333','479','20','167','0');
INSERT INTO `conferenceMembers` (`ID`,`partcipantsID`,`conferenceID`,`orderID`,`payed`) VALUES ('334','203','6','50','0');
INSERT INTO `conferenceMembers` (`ID`,`partcipantsID`,`conferenceID`,`orderID`,`payed`) VALUES ('335','331','16','34','0');
INSERT INTO `conferenceMembers` (`ID`,`partcipantsID`,`conferenceID`,`orderID`,`payed`) VALUES ('336','352','7','45','0');
INSERT INTO `conferenceMembers` (`ID`,`partcipantsID`,`conferenceID`,`orderID`,`payed`) VALUES ('337','309','4','23','0');
INSERT INTO `conferenceMembers` (`ID`,`partcipantsID`,`conferenceID`,`orderID`,`payed`) VALUES ('338','416','14','16','0');
INSERT INTO `conferenceMembers` (`ID`,`partcipantsID`,`conferenceID`,`orderID`,`payed`) VALUES ('339','355','1','113','0');
INSERT INTO `conferenceMembers` (`ID`,`partcipantsID`,`conferenceID`,`orderID`,`payed`) VALUES ('340','288','19','90','0');
INSERT INTO `conferenceMembers` (`ID`,`partcipantsID`,`conferenceID`,`orderID`,`payed`) VALUES ('341','440','6','115','0');
INSERT INTO `conferenceMembers` (`ID`,`partcipantsID`,`conferenceID`,`orderID`,`payed`) VALUES ('342','277','17','62','0');
INSERT INTO `conferenceMembers` (`ID`,`partcipantsID`,`conferenceID`,`orderID`,`payed`) VALUES ('343','292','10','155','0');
INSERT INTO `conferenceMembers` (`ID`,`partcipantsID`,`conferenceID`,`orderID`,`payed`) VALUES ('344','391','20','74','0');
INSERT INTO `conferenceMembers` (`ID`,`partcipantsID`,`conferenceID`,`orderID`,`payed`) VALUES ('345','73','10','174','0');
INSERT INTO `conferenceMembers` (`ID`,`partcipantsID`,`conferenceID`,`orderID`,`payed`) VALUES ('346','66','19','80','0');
INSERT INTO `conferenceMembers` (`ID`,`partcipantsID`,`conferenceID`,`orderID`,`payed`) VALUES ('347','491','20','1','0');
INSERT INTO `conferenceMembers` (`ID`,`partcipantsID`,`conferenceID`,`orderID`,`payed`) VALUES ('348','430','9','18','0');
INSERT INTO `conferenceMembers` (`ID`,`partcipantsID`,`conferenceID`,`orderID`,`payed`) VALUES ('349','364','14','5','0');
INSERT INTO `conferenceMembers` (`ID`,`partcipantsID`,`conferenceID`,`orderID`,`payed`) VALUES ('350','242','7','99','0');
INSERT INTO `conferenceMembers` (`ID`,`partcipantsID`,`conferenceID`,`orderID`,`payed`) VALUES ('351','402','6','71','0');
INSERT INTO `conferenceMembers` (`ID`,`partcipantsID`,`conferenceID`,`orderID`,`payed`) VALUES ('352','128','15','197','0');
INSERT INTO `conferenceMembers` (`ID`,`partcipantsID`,`conferenceID`,`orderID`,`payed`) VALUES ('353','98','18','76','0');
INSERT INTO `conferenceMembers` (`ID`,`partcipantsID`,`conferenceID`,`orderID`,`payed`) VALUES ('354','399','16','34','0');
INSERT INTO `conferenceMembers` (`ID`,`partcipantsID`,`conferenceID`,`orderID`,`payed`) VALUES ('355','366','4','68','0');
INSERT INTO `conferenceMembers` (`ID`,`partcipantsID`,`conferenceID`,`orderID`,`payed`) VALUES ('356','310','9','67','0');
INSERT INTO `conferenceMembers` (`ID`,`partcipantsID`,`conferenceID`,`orderID`,`payed`) VALUES ('357','43','8','125','0');
INSERT INTO `conferenceMembers` (`ID`,`partcipantsID`,`conferenceID`,`orderID`,`payed`) VALUES ('358','343','3','127','0');
INSERT INTO `conferenceMembers` (`ID`,`partcipantsID`,`conferenceID`,`orderID`,`payed`) VALUES ('359','191','20','15','0');
INSERT INTO `conferenceMembers` (`ID`,`partcipantsID`,`conferenceID`,`orderID`,`payed`) VALUES ('360','352','2','8','0');
INSERT INTO `conferenceMembers` (`ID`,`partcipantsID`,`conferenceID`,`orderID`,`payed`) VALUES ('361','453','9','46','0');
INSERT INTO `conferenceMembers` (`ID`,`partcipantsID`,`conferenceID`,`orderID`,`payed`) VALUES ('362','92','8','97','0');
INSERT INTO `conferenceMembers` (`ID`,`partcipantsID`,`conferenceID`,`orderID`,`payed`) VALUES ('363','281','17','102','0');
INSERT INTO `conferenceMembers` (`ID`,`partcipantsID`,`conferenceID`,`orderID`,`payed`) VALUES ('364','120','17','105','0');
INSERT INTO `conferenceMembers` (`ID`,`partcipantsID`,`conferenceID`,`orderID`,`payed`) VALUES ('365','97','3','179','0');
INSERT INTO `conferenceMembers` (`ID`,`partcipantsID`,`conferenceID`,`orderID`,`payed`) VALUES ('366','132','11','74','0');
INSERT INTO `conferenceMembers` (`ID`,`partcipantsID`,`conferenceID`,`orderID`,`payed`) VALUES ('367','255','9','57','0');
INSERT INTO `conferenceMembers` (`ID`,`partcipantsID`,`conferenceID`,`orderID`,`payed`) VALUES ('368','246','7','23','0');
INSERT INTO `conferenceMembers` (`ID`,`partcipantsID`,`conferenceID`,`orderID`,`payed`) VALUES ('369','364','7','20','0');
INSERT INTO `conferenceMembers` (`ID`,`partcipantsID`,`conferenceID`,`orderID`,`payed`) VALUES ('370','366','12','166','0');
INSERT INTO `conferenceMembers` (`ID`,`partcipantsID`,`conferenceID`,`orderID`,`payed`) VALUES ('371','197','7','94','0');
INSERT INTO `conferenceMembers` (`ID`,`partcipantsID`,`conferenceID`,`orderID`,`payed`) VALUES ('372','86','20','192','0');
INSERT INTO `conferenceMembers` (`ID`,`partcipantsID`,`conferenceID`,`orderID`,`payed`) VALUES ('373','70','17','49','0');
INSERT INTO `conferenceMembers` (`ID`,`partcipantsID`,`conferenceID`,`orderID`,`payed`) VALUES ('374','186','13','10','0');
INSERT INTO `conferenceMembers` (`ID`,`partcipantsID`,`conferenceID`,`orderID`,`payed`) VALUES ('375','23','7','19','0');
INSERT INTO `conferenceMembers` (`ID`,`partcipantsID`,`conferenceID`,`orderID`,`payed`) VALUES ('376','322','5','187','0');
INSERT INTO `conferenceMembers` (`ID`,`partcipantsID`,`conferenceID`,`orderID`,`payed`) VALUES ('377','274','1','56','0');
INSERT INTO `conferenceMembers` (`ID`,`partcipantsID`,`conferenceID`,`orderID`,`payed`) VALUES ('378','303','3','114','0');
INSERT INTO `conferenceMembers` (`ID`,`partcipantsID`,`conferenceID`,`orderID`,`payed`) VALUES ('379','219','1','126','0');
INSERT INTO `conferenceMembers` (`ID`,`partcipantsID`,`conferenceID`,`orderID`,`payed`) VALUES ('380','14','12','195','0');
INSERT INTO `conferenceMembers` (`ID`,`partcipantsID`,`conferenceID`,`orderID`,`payed`) VALUES ('381','216','5','114','0');
INSERT INTO `conferenceMembers` (`ID`,`partcipantsID`,`conferenceID`,`orderID`,`payed`) VALUES ('382','412','13','137','0');
INSERT INTO `conferenceMembers` (`ID`,`partcipantsID`,`conferenceID`,`orderID`,`payed`) VALUES ('383','473','16','82','0');
INSERT INTO `conferenceMembers` (`ID`,`partcipantsID`,`conferenceID`,`orderID`,`payed`) VALUES ('384','491','7','192','0');
INSERT INTO `conferenceMembers` (`ID`,`partcipantsID`,`conferenceID`,`orderID`,`payed`) VALUES ('385','183','5','161','0');
INSERT INTO `conferenceMembers` (`ID`,`partcipantsID`,`conferenceID`,`orderID`,`payed`) VALUES ('386','170','8','194','0');
INSERT INTO `conferenceMembers` (`ID`,`partcipantsID`,`conferenceID`,`orderID`,`payed`) VALUES ('387','204','12','78','0');
INSERT INTO `conferenceMembers` (`ID`,`partcipantsID`,`conferenceID`,`orderID`,`payed`) VALUES ('388','92','8','121','0');
INSERT INTO `conferenceMembers` (`ID`,`partcipantsID`,`conferenceID`,`orderID`,`payed`) VALUES ('389','287','4','84','0');
INSERT INTO `conferenceMembers` (`ID`,`partcipantsID`,`conferenceID`,`orderID`,`payed`) VALUES ('390','394','2','54','0');
INSERT INTO `conferenceMembers` (`ID`,`partcipantsID`,`conferenceID`,`orderID`,`payed`) VALUES ('391','438','14','64','0');
INSERT INTO `conferenceMembers` (`ID`,`partcipantsID`,`conferenceID`,`orderID`,`payed`) VALUES ('392','4','6','77','0');
INSERT INTO `conferenceMembers` (`ID`,`partcipantsID`,`conferenceID`,`orderID`,`payed`) VALUES ('393','255','4','69','0');
INSERT INTO `conferenceMembers` (`ID`,`partcipantsID`,`conferenceID`,`orderID`,`payed`) VALUES ('394','281','7','125','0');
INSERT INTO `conferenceMembers` (`ID`,`partcipantsID`,`conferenceID`,`orderID`,`payed`) VALUES ('395','455','1','81','0');
INSERT INTO `conferenceMembers` (`ID`,`partcipantsID`,`conferenceID`,`orderID`,`payed`) VALUES ('396','185','1','142','0');
INSERT INTO `conferenceMembers` (`ID`,`partcipantsID`,`conferenceID`,`orderID`,`payed`) VALUES ('397','87','3','68','0');
INSERT INTO `conferenceMembers` (`ID`,`partcipantsID`,`conferenceID`,`orderID`,`payed`) VALUES ('398','113','13','139','0');
INSERT INTO `conferenceMembers` (`ID`,`partcipantsID`,`conferenceID`,`orderID`,`payed`) VALUES ('399','138','1','192','0');
INSERT INTO `conferenceMembers` (`ID`,`partcipantsID`,`conferenceID`,`orderID`,`payed`) VALUES ('400','143','7','131','0');
INSERT INTO `conferenceMembers` (`ID`,`partcipantsID`,`conferenceID`,`orderID`,`payed`) VALUES ('401','266','20','129','0');
INSERT INTO `conferenceMembers` (`ID`,`partcipantsID`,`conferenceID`,`orderID`,`payed`) VALUES ('402','154','6','12','0');
INSERT INTO `conferenceMembers` (`ID`,`partcipantsID`,`conferenceID`,`orderID`,`payed`) VALUES ('403','139','10','62','0');
INSERT INTO `conferenceMembers` (`ID`,`partcipantsID`,`conferenceID`,`orderID`,`payed`) VALUES ('404','232','1','118','0');
INSERT INTO `conferenceMembers` (`ID`,`partcipantsID`,`conferenceID`,`orderID`,`payed`) VALUES ('405','73','19','120','0');
INSERT INTO `conferenceMembers` (`ID`,`partcipantsID`,`conferenceID`,`orderID`,`payed`) VALUES ('406','265','6','94','0');
INSERT INTO `conferenceMembers` (`ID`,`partcipantsID`,`conferenceID`,`orderID`,`payed`) VALUES ('407','151','9','17','0');
INSERT INTO `conferenceMembers` (`ID`,`partcipantsID`,`conferenceID`,`orderID`,`payed`) VALUES ('408','384','15','77','0');
INSERT INTO `conferenceMembers` (`ID`,`partcipantsID`,`conferenceID`,`orderID`,`payed`) VALUES ('409','367','1','78','0');
INSERT INTO `conferenceMembers` (`ID`,`partcipantsID`,`conferenceID`,`orderID`,`payed`) VALUES ('410','146','9','52','0');
INSERT INTO `conferenceMembers` (`ID`,`partcipantsID`,`conferenceID`,`orderID`,`payed`) VALUES ('411','453','12','44','0');
INSERT INTO `conferenceMembers` (`ID`,`partcipantsID`,`conferenceID`,`orderID`,`payed`) VALUES ('412','293','17','2','0');
INSERT INTO `conferenceMembers` (`ID`,`partcipantsID`,`conferenceID`,`orderID`,`payed`) VALUES ('413','364','13','20','0');
INSERT INTO `conferenceMembers` (`ID`,`partcipantsID`,`conferenceID`,`orderID`,`payed`) VALUES ('414','447','12','12','0');
INSERT INTO `conferenceMembers` (`ID`,`partcipantsID`,`conferenceID`,`orderID`,`payed`) VALUES ('415','497','3','157','0');
INSERT INTO `conferenceMembers` (`ID`,`partcipantsID`,`conferenceID`,`orderID`,`payed`) VALUES ('416','441','4','12','0');
INSERT INTO `conferenceMembers` (`ID`,`partcipantsID`,`conferenceID`,`orderID`,`payed`) VALUES ('417','94','9','132','0');
INSERT INTO `conferenceMembers` (`ID`,`partcipantsID`,`conferenceID`,`orderID`,`payed`) VALUES ('418','446','19','10','0');
INSERT INTO `conferenceMembers` (`ID`,`partcipantsID`,`conferenceID`,`orderID`,`payed`) VALUES ('419','240','6','33','0');
INSERT INTO `conferenceMembers` (`ID`,`partcipantsID`,`conferenceID`,`orderID`,`payed`) VALUES ('420','33','4','159','0');
INSERT INTO `conferenceMembers` (`ID`,`partcipantsID`,`conferenceID`,`orderID`,`payed`) VALUES ('421','386','18','11','0');
INSERT INTO `conferenceMembers` (`ID`,`partcipantsID`,`conferenceID`,`orderID`,`payed`) VALUES ('422','230','3','173','0');
INSERT INTO `conferenceMembers` (`ID`,`partcipantsID`,`conferenceID`,`orderID`,`payed`) VALUES ('423','128','13','43','0');
INSERT INTO `conferenceMembers` (`ID`,`partcipantsID`,`conferenceID`,`orderID`,`payed`) VALUES ('424','403','6','151','0');
INSERT INTO `conferenceMembers` (`ID`,`partcipantsID`,`conferenceID`,`orderID`,`payed`) VALUES ('425','358','9','95','0');
INSERT INTO `conferenceMembers` (`ID`,`partcipantsID`,`conferenceID`,`orderID`,`payed`) VALUES ('426','161','11','81','0');
INSERT INTO `conferenceMembers` (`ID`,`partcipantsID`,`conferenceID`,`orderID`,`payed`) VALUES ('427','392','12','173','0');
INSERT INTO `conferenceMembers` (`ID`,`partcipantsID`,`conferenceID`,`orderID`,`payed`) VALUES ('428','367','14','129','0');
INSERT INTO `conferenceMembers` (`ID`,`partcipantsID`,`conferenceID`,`orderID`,`payed`) VALUES ('429','275','14','35','0');
INSERT INTO `conferenceMembers` (`ID`,`partcipantsID`,`conferenceID`,`orderID`,`payed`) VALUES ('430','402','1','93','0');
INSERT INTO `conferenceMembers` (`ID`,`partcipantsID`,`conferenceID`,`orderID`,`payed`) VALUES ('431','338','14','39','0');
INSERT INTO `conferenceMembers` (`ID`,`partcipantsID`,`conferenceID`,`orderID`,`payed`) VALUES ('432','472','19','95','0');
INSERT INTO `conferenceMembers` (`ID`,`partcipantsID`,`conferenceID`,`orderID`,`payed`) VALUES ('433','176','19','54','0');
INSERT INTO `conferenceMembers` (`ID`,`partcipantsID`,`conferenceID`,`orderID`,`payed`) VALUES ('434','233','14','95','0');
INSERT INTO `conferenceMembers` (`ID`,`partcipantsID`,`conferenceID`,`orderID`,`payed`) VALUES ('435','117','7','20','0');
INSERT INTO `conferenceMembers` (`ID`,`partcipantsID`,`conferenceID`,`orderID`,`payed`) VALUES ('436','498','15','95','0');
INSERT INTO `conferenceMembers` (`ID`,`partcipantsID`,`conferenceID`,`orderID`,`payed`) VALUES ('437','216','13','111','0');
INSERT INTO `conferenceMembers` (`ID`,`partcipantsID`,`conferenceID`,`orderID`,`payed`) VALUES ('438','338','1','59','0');
INSERT INTO `conferenceMembers` (`ID`,`partcipantsID`,`conferenceID`,`orderID`,`payed`) VALUES ('439','344','10','167','0');
INSERT INTO `conferenceMembers` (`ID`,`partcipantsID`,`conferenceID`,`orderID`,`payed`) VALUES ('440','214','7','59','0');
INSERT INTO `conferenceMembers` (`ID`,`partcipantsID`,`conferenceID`,`orderID`,`payed`) VALUES ('441','124','12','91','0');
INSERT INTO `conferenceMembers` (`ID`,`partcipantsID`,`conferenceID`,`orderID`,`payed`) VALUES ('442','113','19','193','0');
INSERT INTO `conferenceMembers` (`ID`,`partcipantsID`,`conferenceID`,`orderID`,`payed`) VALUES ('443','132','2','85','0');
INSERT INTO `conferenceMembers` (`ID`,`partcipantsID`,`conferenceID`,`orderID`,`payed`) VALUES ('444','398','18','161','0');
INSERT INTO `conferenceMembers` (`ID`,`partcipantsID`,`conferenceID`,`orderID`,`payed`) VALUES ('445','271','8','92','0');
INSERT INTO `conferenceMembers` (`ID`,`partcipantsID`,`conferenceID`,`orderID`,`payed`) VALUES ('446','186','15','114','0');
INSERT INTO `conferenceMembers` (`ID`,`partcipantsID`,`conferenceID`,`orderID`,`payed`) VALUES ('447','117','8','138','0');
INSERT INTO `conferenceMembers` (`ID`,`partcipantsID`,`conferenceID`,`orderID`,`payed`) VALUES ('448','350','20','88','0');
INSERT INTO `conferenceMembers` (`ID`,`partcipantsID`,`conferenceID`,`orderID`,`payed`) VALUES ('449','268','18','132','0');
INSERT INTO `conferenceMembers` (`ID`,`partcipantsID`,`conferenceID`,`orderID`,`payed`) VALUES ('450','409','13','44','0');
INSERT INTO `conferenceMembers` (`ID`,`partcipantsID`,`conferenceID`,`orderID`,`payed`) VALUES ('451','338','13','68','0');
INSERT INTO `conferenceMembers` (`ID`,`partcipantsID`,`conferenceID`,`orderID`,`payed`) VALUES ('452','270','3','140','0');
INSERT INTO `conferenceMembers` (`ID`,`partcipantsID`,`conferenceID`,`orderID`,`payed`) VALUES ('453','249','4','59','0');
INSERT INTO `conferenceMembers` (`ID`,`partcipantsID`,`conferenceID`,`orderID`,`payed`) VALUES ('454','453','18','186','0');
INSERT INTO `conferenceMembers` (`ID`,`partcipantsID`,`conferenceID`,`orderID`,`payed`) VALUES ('455','128','13','160','0');
INSERT INTO `conferenceMembers` (`ID`,`partcipantsID`,`conferenceID`,`orderID`,`payed`) VALUES ('456','297','5','180','0');
INSERT INTO `conferenceMembers` (`ID`,`partcipantsID`,`conferenceID`,`orderID`,`payed`) VALUES ('457','65','12','178','0');
INSERT INTO `conferenceMembers` (`ID`,`partcipantsID`,`conferenceID`,`orderID`,`payed`) VALUES ('458','89','3','5','0');
INSERT INTO `conferenceMembers` (`ID`,`partcipantsID`,`conferenceID`,`orderID`,`payed`) VALUES ('459','374','8','65','0');
INSERT INTO `conferenceMembers` (`ID`,`partcipantsID`,`conferenceID`,`orderID`,`payed`) VALUES ('460','251','1','73','0');
INSERT INTO `conferenceMembers` (`ID`,`partcipantsID`,`conferenceID`,`orderID`,`payed`) VALUES ('461','89','14','174','0');
INSERT INTO `conferenceMembers` (`ID`,`partcipantsID`,`conferenceID`,`orderID`,`payed`) VALUES ('462','259','16','44','0');
INSERT INTO `conferenceMembers` (`ID`,`partcipantsID`,`conferenceID`,`orderID`,`payed`) VALUES ('463','204','1','145','0');
INSERT INTO `conferenceMembers` (`ID`,`partcipantsID`,`conferenceID`,`orderID`,`payed`) VALUES ('464','128','13','26','0');
INSERT INTO `conferenceMembers` (`ID`,`partcipantsID`,`conferenceID`,`orderID`,`payed`) VALUES ('465','91','1','66','0');
INSERT INTO `conferenceMembers` (`ID`,`partcipantsID`,`conferenceID`,`orderID`,`payed`) VALUES ('466','61','8','42','0');
INSERT INTO `conferenceMembers` (`ID`,`partcipantsID`,`conferenceID`,`orderID`,`payed`) VALUES ('467','358','11','31','0');
INSERT INTO `conferenceMembers` (`ID`,`partcipantsID`,`conferenceID`,`orderID`,`payed`) VALUES ('468','277','11','44','0');
INSERT INTO `conferenceMembers` (`ID`,`partcipantsID`,`conferenceID`,`orderID`,`payed`) VALUES ('469','88','2','163','0');
INSERT INTO `conferenceMembers` (`ID`,`partcipantsID`,`conferenceID`,`orderID`,`payed`) VALUES ('470','438','1','93','0');
INSERT INTO `conferenceMembers` (`ID`,`partcipantsID`,`conferenceID`,`orderID`,`payed`) VALUES ('471','25','4','57','0');
INSERT INTO `conferenceMembers` (`ID`,`partcipantsID`,`conferenceID`,`orderID`,`payed`) VALUES ('472','405','9','138','0');
INSERT INTO `conferenceMembers` (`ID`,`partcipantsID`,`conferenceID`,`orderID`,`payed`) VALUES ('473','214','1','70','0');
INSERT INTO `conferenceMembers` (`ID`,`partcipantsID`,`conferenceID`,`orderID`,`payed`) VALUES ('474','186','12','83','0');
INSERT INTO `conferenceMembers` (`ID`,`partcipantsID`,`conferenceID`,`orderID`,`payed`) VALUES ('475','45','12','61','0');
INSERT INTO `conferenceMembers` (`ID`,`partcipantsID`,`conferenceID`,`orderID`,`payed`) VALUES ('476','43','11','74','0');
INSERT INTO `conferenceMembers` (`ID`,`partcipantsID`,`conferenceID`,`orderID`,`payed`) VALUES ('477','301','4','191','0');
INSERT INTO `conferenceMembers` (`ID`,`partcipantsID`,`conferenceID`,`orderID`,`payed`) VALUES ('478','105','9','152','0');
INSERT INTO `conferenceMembers` (`ID`,`partcipantsID`,`conferenceID`,`orderID`,`payed`) VALUES ('479','302','1','113','0');
INSERT INTO `conferenceMembers` (`ID`,`partcipantsID`,`conferenceID`,`orderID`,`payed`) VALUES ('480','226','5','81','0');
INSERT INTO `conferenceMembers` (`ID`,`partcipantsID`,`conferenceID`,`orderID`,`payed`) VALUES ('481','134','15','85','0');
INSERT INTO `conferenceMembers` (`ID`,`partcipantsID`,`conferenceID`,`orderID`,`payed`) VALUES ('482','152','17','146','0');
INSERT INTO `conferenceMembers` (`ID`,`partcipantsID`,`conferenceID`,`orderID`,`payed`) VALUES ('483','203','1','7','0');
INSERT INTO `conferenceMembers` (`ID`,`partcipantsID`,`conferenceID`,`orderID`,`payed`) VALUES ('484','273','9','150','0');
INSERT INTO `conferenceMembers` (`ID`,`partcipantsID`,`conferenceID`,`orderID`,`payed`) VALUES ('485','290','15','125','0');
INSERT INTO `conferenceMembers` (`ID`,`partcipantsID`,`conferenceID`,`orderID`,`payed`) VALUES ('486','59','8','10','0');
INSERT INTO `conferenceMembers` (`ID`,`partcipantsID`,`conferenceID`,`orderID`,`payed`) VALUES ('487','211','13','27','0');
INSERT INTO `conferenceMembers` (`ID`,`partcipantsID`,`conferenceID`,`orderID`,`payed`) VALUES ('488','430','11','150','0');
INSERT INTO `conferenceMembers` (`ID`,`partcipantsID`,`conferenceID`,`orderID`,`payed`) VALUES ('489','141','4','154','0');
INSERT INTO `conferenceMembers` (`ID`,`partcipantsID`,`conferenceID`,`orderID`,`payed`) VALUES ('490','6','10','196','0');
INSERT INTO `conferenceMembers` (`ID`,`partcipantsID`,`conferenceID`,`orderID`,`payed`) VALUES ('491','259','1','182','0');
INSERT INTO `conferenceMembers` (`ID`,`partcipantsID`,`conferenceID`,`orderID`,`payed`) VALUES ('492','205','14','42','0');
INSERT INTO `conferenceMembers` (`ID`,`partcipantsID`,`conferenceID`,`orderID`,`payed`) VALUES ('493','180','17','156','0');
INSERT INTO `conferenceMembers` (`ID`,`partcipantsID`,`conferenceID`,`orderID`,`payed`) VALUES ('494','104','17','40','0');
INSERT INTO `conferenceMembers` (`ID`,`partcipantsID`,`conferenceID`,`orderID`,`payed`) VALUES ('495','217','7','100','0');
INSERT INTO `conferenceMembers` (`ID`,`partcipantsID`,`conferenceID`,`orderID`,`payed`) VALUES ('496','431','5','84','0');
INSERT INTO `conferenceMembers` (`ID`,`partcipantsID`,`conferenceID`,`orderID`,`payed`) VALUES ('497','211','4','146','0');
INSERT INTO `conferenceMembers` (`ID`,`partcipantsID`,`conferenceID`,`orderID`,`payed`) VALUES ('498','337','15','171','0');
INSERT INTO `conferenceMembers` (`ID`,`partcipantsID`,`conferenceID`,`orderID`,`payed`) VALUES ('499','356','16','51','0');
INSERT INTO `conferenceMembers` (`ID`,`partcipantsID`,`conferenceID`,`orderID`,`payed`) VALUES ('500','209','10','22','0');
INSERT INTO `conferenceMembers` (`ID`,`partcipantsID`,`conferenceID`,`orderID`,`payed`) VALUES ('501','144','18','51','0');
INSERT INTO `conferenceMembers` (`ID`,`partcipantsID`,`conferenceID`,`orderID`,`payed`) VALUES ('502','357','9','25','0');
INSERT INTO `conferenceMembers` (`ID`,`partcipantsID`,`conferenceID`,`orderID`,`payed`) VALUES ('503','389','13','88','0');
INSERT INTO `conferenceMembers` (`ID`,`partcipantsID`,`conferenceID`,`orderID`,`payed`) VALUES ('504','435','18','156','0');
INSERT INTO `conferenceMembers` (`ID`,`partcipantsID`,`conferenceID`,`orderID`,`payed`) VALUES ('505','20','11','145','0');
INSERT INTO `conferenceMembers` (`ID`,`partcipantsID`,`conferenceID`,`orderID`,`payed`) VALUES ('506','103','12','182','0');
INSERT INTO `conferenceMembers` (`ID`,`partcipantsID`,`conferenceID`,`orderID`,`payed`) VALUES ('507','168','4','8','0');
INSERT INTO `conferenceMembers` (`ID`,`partcipantsID`,`conferenceID`,`orderID`,`payed`) VALUES ('508','310','3','106','0');
INSERT INTO `conferenceMembers` (`ID`,`partcipantsID`,`conferenceID`,`orderID`,`payed`) VALUES ('509','16','16','81','0');
INSERT INTO `conferenceMembers` (`ID`,`partcipantsID`,`conferenceID`,`orderID`,`payed`) VALUES ('510','117','11','178','0');
INSERT INTO `conferenceMembers` (`ID`,`partcipantsID`,`conferenceID`,`orderID`,`payed`) VALUES ('511','72','7','130','0');
INSERT INTO `conferenceMembers` (`ID`,`partcipantsID`,`conferenceID`,`orderID`,`payed`) VALUES ('512','93','9','61','0');
INSERT INTO `conferenceMembers` (`ID`,`partcipantsID`,`conferenceID`,`orderID`,`payed`) VALUES ('513','466','1','188','0');
INSERT INTO `conferenceMembers` (`ID`,`partcipantsID`,`conferenceID`,`orderID`,`payed`) VALUES ('514','302','17','11','0');
INSERT INTO `conferenceMembers` (`ID`,`partcipantsID`,`conferenceID`,`orderID`,`payed`) VALUES ('515','1','2','139','0');
INSERT INTO `conferenceMembers` (`ID`,`partcipantsID`,`conferenceID`,`orderID`,`payed`) VALUES ('516','116','5','106','0');
INSERT INTO `conferenceMembers` (`ID`,`partcipantsID`,`conferenceID`,`orderID`,`payed`) VALUES ('517','2','19','2','0');
INSERT INTO `conferenceMembers` (`ID`,`partcipantsID`,`conferenceID`,`orderID`,`payed`) VALUES ('518','225','18','50','0');
INSERT INTO `conferenceMembers` (`ID`,`partcipantsID`,`conferenceID`,`orderID`,`payed`) VALUES ('519','112','18','122','0');
INSERT INTO `conferenceMembers` (`ID`,`partcipantsID`,`conferenceID`,`orderID`,`payed`) VALUES ('520','161','19','127','0');
INSERT INTO `conferenceMembers` (`ID`,`partcipantsID`,`conferenceID`,`orderID`,`payed`) VALUES ('521','469','12','78','0');
INSERT INTO `conferenceMembers` (`ID`,`partcipantsID`,`conferenceID`,`orderID`,`payed`) VALUES ('522','207','9','96','0');
INSERT INTO `conferenceMembers` (`ID`,`partcipantsID`,`conferenceID`,`orderID`,`payed`) VALUES ('523','264','4','7','0');
INSERT INTO `conferenceMembers` (`ID`,`partcipantsID`,`conferenceID`,`orderID`,`payed`) VALUES ('524','195','12','5','0');
INSERT INTO `conferenceMembers` (`ID`,`partcipantsID`,`conferenceID`,`orderID`,`payed`) VALUES ('525','244','1','126','0');
INSERT INTO `conferenceMembers` (`ID`,`partcipantsID`,`conferenceID`,`orderID`,`payed`) VALUES ('526','462','18','106','0');
INSERT INTO `conferenceMembers` (`ID`,`partcipantsID`,`conferenceID`,`orderID`,`payed`) VALUES ('527','385','3','111','0');
INSERT INTO `conferenceMembers` (`ID`,`partcipantsID`,`conferenceID`,`orderID`,`payed`) VALUES ('528','22','4','68','0');
INSERT INTO `conferenceMembers` (`ID`,`partcipantsID`,`conferenceID`,`orderID`,`payed`) VALUES ('529','379','15','104','0');
INSERT INTO `conferenceMembers` (`ID`,`partcipantsID`,`conferenceID`,`orderID`,`payed`) VALUES ('530','83','20','117','0');
INSERT INTO `conferenceMembers` (`ID`,`partcipantsID`,`conferenceID`,`orderID`,`payed`) VALUES ('531','84','13','90','0');
INSERT INTO `conferenceMembers` (`ID`,`partcipantsID`,`conferenceID`,`orderID`,`payed`) VALUES ('532','89','10','190','0');
INSERT INTO `conferenceMembers` (`ID`,`partcipantsID`,`conferenceID`,`orderID`,`payed`) VALUES ('533','248','12','121','0');
INSERT INTO `conferenceMembers` (`ID`,`partcipantsID`,`conferenceID`,`orderID`,`payed`) VALUES ('534','225','3','113','0');
INSERT INTO `conferenceMembers` (`ID`,`partcipantsID`,`conferenceID`,`orderID`,`payed`) VALUES ('535','133','3','62','0');
INSERT INTO `conferenceMembers` (`ID`,`partcipantsID`,`conferenceID`,`orderID`,`payed`) VALUES ('536','153','13','58','0');
INSERT INTO `conferenceMembers` (`ID`,`partcipantsID`,`conferenceID`,`orderID`,`payed`) VALUES ('537','187','17','47','0');
INSERT INTO `conferenceMembers` (`ID`,`partcipantsID`,`conferenceID`,`orderID`,`payed`) VALUES ('538','404','17','46','0');
INSERT INTO `conferenceMembers` (`ID`,`partcipantsID`,`conferenceID`,`orderID`,`payed`) VALUES ('539','216','14','106','0');
INSERT INTO `conferenceMembers` (`ID`,`partcipantsID`,`conferenceID`,`orderID`,`payed`) VALUES ('540','74','10','55','0');
INSERT INTO `conferenceMembers` (`ID`,`partcipantsID`,`conferenceID`,`orderID`,`payed`) VALUES ('541','24','18','13','0');
INSERT INTO `conferenceMembers` (`ID`,`partcipantsID`,`conferenceID`,`orderID`,`payed`) VALUES ('542','3','13','143','0');
INSERT INTO `conferenceMembers` (`ID`,`partcipantsID`,`conferenceID`,`orderID`,`payed`) VALUES ('543','373','1','116','0');
INSERT INTO `conferenceMembers` (`ID`,`partcipantsID`,`conferenceID`,`orderID`,`payed`) VALUES ('544','333','18','23','0');
INSERT INTO `conferenceMembers` (`ID`,`partcipantsID`,`conferenceID`,`orderID`,`payed`) VALUES ('545','339','7','115','0');
INSERT INTO `conferenceMembers` (`ID`,`partcipantsID`,`conferenceID`,`orderID`,`payed`) VALUES ('546','77','17','92','0');
INSERT INTO `conferenceMembers` (`ID`,`partcipantsID`,`conferenceID`,`orderID`,`payed`) VALUES ('547','241','20','39','0');
INSERT INTO `conferenceMembers` (`ID`,`partcipantsID`,`conferenceID`,`orderID`,`payed`) VALUES ('548','229','10','55','0');
INSERT INTO `conferenceMembers` (`ID`,`partcipantsID`,`conferenceID`,`orderID`,`payed`) VALUES ('549','170','7','1','0');
INSERT INTO `conferenceMembers` (`ID`,`partcipantsID`,`conferenceID`,`orderID`,`payed`) VALUES ('550','481','15','123','0');
INSERT INTO `conferenceMembers` (`ID`,`partcipantsID`,`conferenceID`,`orderID`,`payed`) VALUES ('551','368','4','151','0');
INSERT INTO `conferenceMembers` (`ID`,`partcipantsID`,`conferenceID`,`orderID`,`payed`) VALUES ('552','31','18','88','0');
INSERT INTO `conferenceMembers` (`ID`,`partcipantsID`,`conferenceID`,`orderID`,`payed`) VALUES ('553','103','1','45','0');
INSERT INTO `conferenceMembers` (`ID`,`partcipantsID`,`conferenceID`,`orderID`,`payed`) VALUES ('554','408','14','189','0');
INSERT INTO `conferenceMembers` (`ID`,`partcipantsID`,`conferenceID`,`orderID`,`payed`) VALUES ('555','331','3','186','0');
INSERT INTO `conferenceMembers` (`ID`,`partcipantsID`,`conferenceID`,`orderID`,`payed`) VALUES ('556','301','4','125','0');
INSERT INTO `conferenceMembers` (`ID`,`partcipantsID`,`conferenceID`,`orderID`,`payed`) VALUES ('557','267','13','57','0');
INSERT INTO `conferenceMembers` (`ID`,`partcipantsID`,`conferenceID`,`orderID`,`payed`) VALUES ('558','171','18','41','0');
INSERT INTO `conferenceMembers` (`ID`,`partcipantsID`,`conferenceID`,`orderID`,`payed`) VALUES ('559','45','20','95','0');
INSERT INTO `conferenceMembers` (`ID`,`partcipantsID`,`conferenceID`,`orderID`,`payed`) VALUES ('560','411','19','178','0');
INSERT INTO `conferenceMembers` (`ID`,`partcipantsID`,`conferenceID`,`orderID`,`payed`) VALUES ('561','461','3','78','0');
INSERT INTO `conferenceMembers` (`ID`,`partcipantsID`,`conferenceID`,`orderID`,`payed`) VALUES ('562','394','7','7','0');
INSERT INTO `conferenceMembers` (`ID`,`partcipantsID`,`conferenceID`,`orderID`,`payed`) VALUES ('563','233','20','114','0');
INSERT INTO `conferenceMembers` (`ID`,`partcipantsID`,`conferenceID`,`orderID`,`payed`) VALUES ('564','78','4','1','0');
INSERT INTO `conferenceMembers` (`ID`,`partcipantsID`,`conferenceID`,`orderID`,`payed`) VALUES ('565','409','6','37','0');
INSERT INTO `conferenceMembers` (`ID`,`partcipantsID`,`conferenceID`,`orderID`,`payed`) VALUES ('566','92','8','47','0');
INSERT INTO `conferenceMembers` (`ID`,`partcipantsID`,`conferenceID`,`orderID`,`payed`) VALUES ('567','170','15','85','0');
INSERT INTO `conferenceMembers` (`ID`,`partcipantsID`,`conferenceID`,`orderID`,`payed`) VALUES ('568','309','7','38','0');
INSERT INTO `conferenceMembers` (`ID`,`partcipantsID`,`conferenceID`,`orderID`,`payed`) VALUES ('569','209','12','55','0');
INSERT INTO `conferenceMembers` (`ID`,`partcipantsID`,`conferenceID`,`orderID`,`payed`) VALUES ('570','451','7','131','0');
INSERT INTO `conferenceMembers` (`ID`,`partcipantsID`,`conferenceID`,`orderID`,`payed`) VALUES ('571','132','5','87','0');
INSERT INTO `conferenceMembers` (`ID`,`partcipantsID`,`conferenceID`,`orderID`,`payed`) VALUES ('572','205','9','22','0');
INSERT INTO `conferenceMembers` (`ID`,`partcipantsID`,`conferenceID`,`orderID`,`payed`) VALUES ('573','362','6','77','0');
INSERT INTO `conferenceMembers` (`ID`,`partcipantsID`,`conferenceID`,`orderID`,`payed`) VALUES ('574','338','13','36','0');
INSERT INTO `conferenceMembers` (`ID`,`partcipantsID`,`conferenceID`,`orderID`,`payed`) VALUES ('575','162','12','36','0');
INSERT INTO `conferenceMembers` (`ID`,`partcipantsID`,`conferenceID`,`orderID`,`payed`) VALUES ('576','453','8','96','0');
INSERT INTO `conferenceMembers` (`ID`,`partcipantsID`,`conferenceID`,`orderID`,`payed`) VALUES ('577','467','15','105','0');
INSERT INTO `conferenceMembers` (`ID`,`partcipantsID`,`conferenceID`,`orderID`,`payed`) VALUES ('578','28','4','40','0');
INSERT INTO `conferenceMembers` (`ID`,`partcipantsID`,`conferenceID`,`orderID`,`payed`) VALUES ('579','197','13','148','0');
INSERT INTO `conferenceMembers` (`ID`,`partcipantsID`,`conferenceID`,`orderID`,`payed`) VALUES ('580','33','17','6','0');
INSERT INTO `conferenceMembers` (`ID`,`partcipantsID`,`conferenceID`,`orderID`,`payed`) VALUES ('581','68','9','139','0');
INSERT INTO `conferenceMembers` (`ID`,`partcipantsID`,`conferenceID`,`orderID`,`payed`) VALUES ('582','15','18','165','0');
INSERT INTO `conferenceMembers` (`ID`,`partcipantsID`,`conferenceID`,`orderID`,`payed`) VALUES ('583','234','1','59','0');
INSERT INTO `conferenceMembers` (`ID`,`partcipantsID`,`conferenceID`,`orderID`,`payed`) VALUES ('584','182','16','139','0');
INSERT INTO `conferenceMembers` (`ID`,`partcipantsID`,`conferenceID`,`orderID`,`payed`) VALUES ('585','259','5','26','0');
INSERT INTO `conferenceMembers` (`ID`,`partcipantsID`,`conferenceID`,`orderID`,`payed`) VALUES ('586','196','7','178','0');
INSERT INTO `conferenceMembers` (`ID`,`partcipantsID`,`conferenceID`,`orderID`,`payed`) VALUES ('587','480','13','118','0');
INSERT INTO `conferenceMembers` (`ID`,`partcipantsID`,`conferenceID`,`orderID`,`payed`) VALUES ('588','235','13','162','0');
INSERT INTO `conferenceMembers` (`ID`,`partcipantsID`,`conferenceID`,`orderID`,`payed`) VALUES ('589','17','11','83','0');
INSERT INTO `conferenceMembers` (`ID`,`partcipantsID`,`conferenceID`,`orderID`,`payed`) VALUES ('590','185','5','83','0');
INSERT INTO `conferenceMembers` (`ID`,`partcipantsID`,`conferenceID`,`orderID`,`payed`) VALUES ('591','119','15','42','0');
INSERT INTO `conferenceMembers` (`ID`,`partcipantsID`,`conferenceID`,`orderID`,`payed`) VALUES ('592','236','18','179','0');
INSERT INTO `conferenceMembers` (`ID`,`partcipantsID`,`conferenceID`,`orderID`,`payed`) VALUES ('593','58','1','112','0');
INSERT INTO `conferenceMembers` (`ID`,`partcipantsID`,`conferenceID`,`orderID`,`payed`) VALUES ('594','177','9','59','0');
INSERT INTO `conferenceMembers` (`ID`,`partcipantsID`,`conferenceID`,`orderID`,`payed`) VALUES ('595','37','18','67','0');
INSERT INTO `conferenceMembers` (`ID`,`partcipantsID`,`conferenceID`,`orderID`,`payed`) VALUES ('596','251','3','29','0');
INSERT INTO `conferenceMembers` (`ID`,`partcipantsID`,`conferenceID`,`orderID`,`payed`) VALUES ('597','322','12','120','0');
INSERT INTO `conferenceMembers` (`ID`,`partcipantsID`,`conferenceID`,`orderID`,`payed`) VALUES ('598','396','1','170','0');
INSERT INTO `conferenceMembers` (`ID`,`partcipantsID`,`conferenceID`,`orderID`,`payed`) VALUES ('599','358','2','126','0');
INSERT INTO `conferenceMembers` (`ID`,`partcipantsID`,`conferenceID`,`orderID`,`payed`) VALUES ('600','478','11','35','0');
INSERT INTO `conferenceMembers` (`ID`,`partcipantsID`,`conferenceID`,`orderID`,`payed`) VALUES ('601','273','15','116','0');
INSERT INTO `conferenceMembers` (`ID`,`partcipantsID`,`conferenceID`,`orderID`,`payed`) VALUES ('602','91','18','42','0');
INSERT INTO `conferenceMembers` (`ID`,`partcipantsID`,`conferenceID`,`orderID`,`payed`) VALUES ('603','377','11','160','0');
INSERT INTO `conferenceMembers` (`ID`,`partcipantsID`,`conferenceID`,`orderID`,`payed`) VALUES ('604','342','19','158','0');
INSERT INTO `conferenceMembers` (`ID`,`partcipantsID`,`conferenceID`,`orderID`,`payed`) VALUES ('605','249','8','68','0');
INSERT INTO `conferenceMembers` (`ID`,`partcipantsID`,`conferenceID`,`orderID`,`payed`) VALUES ('606','196','4','64','0');
INSERT INTO `conferenceMembers` (`ID`,`partcipantsID`,`conferenceID`,`orderID`,`payed`) VALUES ('607','120','19','59','0');
INSERT INTO `conferenceMembers` (`ID`,`partcipantsID`,`conferenceID`,`orderID`,`payed`) VALUES ('608','232','10','53','0');
INSERT INTO `conferenceMembers` (`ID`,`partcipantsID`,`conferenceID`,`orderID`,`payed`) VALUES ('609','99','17','181','0');
INSERT INTO `conferenceMembers` (`ID`,`partcipantsID`,`conferenceID`,`orderID`,`payed`) VALUES ('610','357','3','128','0');
INSERT INTO `conferenceMembers` (`ID`,`partcipantsID`,`conferenceID`,`orderID`,`payed`) VALUES ('611','327','9','144','0');
INSERT INTO `conferenceMembers` (`ID`,`partcipantsID`,`conferenceID`,`orderID`,`payed`) VALUES ('612','188','11','133','0');
INSERT INTO `conferenceMembers` (`ID`,`partcipantsID`,`conferenceID`,`orderID`,`payed`) VALUES ('613','445','20','32','0');
INSERT INTO `conferenceMembers` (`ID`,`partcipantsID`,`conferenceID`,`orderID`,`payed`) VALUES ('614','92','10','78','0');
INSERT INTO `conferenceMembers` (`ID`,`partcipantsID`,`conferenceID`,`orderID`,`payed`) VALUES ('615','210','14','124','0');
INSERT INTO `conferenceMembers` (`ID`,`partcipantsID`,`conferenceID`,`orderID`,`payed`) VALUES ('616','72','18','178','0');
INSERT INTO `conferenceMembers` (`ID`,`partcipantsID`,`conferenceID`,`orderID`,`payed`) VALUES ('617','362','16','145','0');
INSERT INTO `conferenceMembers` (`ID`,`partcipantsID`,`conferenceID`,`orderID`,`payed`) VALUES ('618','454','8','181','0');
INSERT INTO `conferenceMembers` (`ID`,`partcipantsID`,`conferenceID`,`orderID`,`payed`) VALUES ('619','394','13','180','0');
INSERT INTO `conferenceMembers` (`ID`,`partcipantsID`,`conferenceID`,`orderID`,`payed`) VALUES ('620','63','12','7','0');
INSERT INTO `conferenceMembers` (`ID`,`partcipantsID`,`conferenceID`,`orderID`,`payed`) VALUES ('621','278','4','59','0');
INSERT INTO `conferenceMembers` (`ID`,`partcipantsID`,`conferenceID`,`orderID`,`payed`) VALUES ('622','335','14','33','0');
INSERT INTO `conferenceMembers` (`ID`,`partcipantsID`,`conferenceID`,`orderID`,`payed`) VALUES ('623','179','16','194','0');
INSERT INTO `conferenceMembers` (`ID`,`partcipantsID`,`conferenceID`,`orderID`,`payed`) VALUES ('624','331','18','169','0');
INSERT INTO `conferenceMembers` (`ID`,`partcipantsID`,`conferenceID`,`orderID`,`payed`) VALUES ('625','327','12','164','0');
INSERT INTO `conferenceMembers` (`ID`,`partcipantsID`,`conferenceID`,`orderID`,`payed`) VALUES ('626','458','15','24','0');
INSERT INTO `conferenceMembers` (`ID`,`partcipantsID`,`conferenceID`,`orderID`,`payed`) VALUES ('627','169','1','174','0');
INSERT INTO `conferenceMembers` (`ID`,`partcipantsID`,`conferenceID`,`orderID`,`payed`) VALUES ('628','286','18','96','0');
INSERT INTO `conferenceMembers` (`ID`,`partcipantsID`,`conferenceID`,`orderID`,`payed`) VALUES ('629','46','16','173','0');
INSERT INTO `conferenceMembers` (`ID`,`partcipantsID`,`conferenceID`,`orderID`,`payed`) VALUES ('630','226','1','170','0');
INSERT INTO `conferenceMembers` (`ID`,`partcipantsID`,`conferenceID`,`orderID`,`payed`) VALUES ('631','403','17','62','0');
INSERT INTO `conferenceMembers` (`ID`,`partcipantsID`,`conferenceID`,`orderID`,`payed`) VALUES ('632','338','3','170','0');
INSERT INTO `conferenceMembers` (`ID`,`partcipantsID`,`conferenceID`,`orderID`,`payed`) VALUES ('633','355','14','178','0');
INSERT INTO `conferenceMembers` (`ID`,`partcipantsID`,`conferenceID`,`orderID`,`payed`) VALUES ('634','192','1','66','0');
INSERT INTO `conferenceMembers` (`ID`,`partcipantsID`,`conferenceID`,`orderID`,`payed`) VALUES ('635','12','4','37','0');
INSERT INTO `conferenceMembers` (`ID`,`partcipantsID`,`conferenceID`,`orderID`,`payed`) VALUES ('636','47','14','145','0');
INSERT INTO `conferenceMembers` (`ID`,`partcipantsID`,`conferenceID`,`orderID`,`payed`) VALUES ('637','217','12','189','0');
INSERT INTO `conferenceMembers` (`ID`,`partcipantsID`,`conferenceID`,`orderID`,`payed`) VALUES ('638','306','16','139','0');
INSERT INTO `conferenceMembers` (`ID`,`partcipantsID`,`conferenceID`,`orderID`,`payed`) VALUES ('639','304','20','177','0');
INSERT INTO `conferenceMembers` (`ID`,`partcipantsID`,`conferenceID`,`orderID`,`payed`) VALUES ('640','74','15','123','0');
INSERT INTO `conferenceMembers` (`ID`,`partcipantsID`,`conferenceID`,`orderID`,`payed`) VALUES ('641','200','11','97','0');
INSERT INTO `conferenceMembers` (`ID`,`partcipantsID`,`conferenceID`,`orderID`,`payed`) VALUES ('642','255','17','101','0');
INSERT INTO `conferenceMembers` (`ID`,`partcipantsID`,`conferenceID`,`orderID`,`payed`) VALUES ('643','3','14','25','0');
INSERT INTO `conferenceMembers` (`ID`,`partcipantsID`,`conferenceID`,`orderID`,`payed`) VALUES ('644','176','17','57','0');
INSERT INTO `conferenceMembers` (`ID`,`partcipantsID`,`conferenceID`,`orderID`,`payed`) VALUES ('645','215','5','134','0');
INSERT INTO `conferenceMembers` (`ID`,`partcipantsID`,`conferenceID`,`orderID`,`payed`) VALUES ('646','9','8','92','0');
INSERT INTO `conferenceMembers` (`ID`,`partcipantsID`,`conferenceID`,`orderID`,`payed`) VALUES ('647','179','7','182','0');
INSERT INTO `conferenceMembers` (`ID`,`partcipantsID`,`conferenceID`,`orderID`,`payed`) VALUES ('648','38','11','73','0');
INSERT INTO `conferenceMembers` (`ID`,`partcipantsID`,`conferenceID`,`orderID`,`payed`) VALUES ('649','9','17','52','0');
INSERT INTO `conferenceMembers` (`ID`,`partcipantsID`,`conferenceID`,`orderID`,`payed`) VALUES ('650','329','16','12','0');
INSERT INTO `conferenceMembers` (`ID`,`partcipantsID`,`conferenceID`,`orderID`,`payed`) VALUES ('651','225','4','153','0');
INSERT INTO `conferenceMembers` (`ID`,`partcipantsID`,`conferenceID`,`orderID`,`payed`) VALUES ('652','13','1','117','0');
INSERT INTO `conferenceMembers` (`ID`,`partcipantsID`,`conferenceID`,`orderID`,`payed`) VALUES ('653','135','6','100','0');
INSERT INTO `conferenceMembers` (`ID`,`partcipantsID`,`conferenceID`,`orderID`,`payed`) VALUES ('654','305','20','182','0');
INSERT INTO `conferenceMembers` (`ID`,`partcipantsID`,`conferenceID`,`orderID`,`payed`) VALUES ('655','150','17','95','0');
INSERT INTO `conferenceMembers` (`ID`,`partcipantsID`,`conferenceID`,`orderID`,`payed`) VALUES ('656','165','17','170','0');
INSERT INTO `conferenceMembers` (`ID`,`partcipantsID`,`conferenceID`,`orderID`,`payed`) VALUES ('657','340','3','175','0');
INSERT INTO `conferenceMembers` (`ID`,`partcipantsID`,`conferenceID`,`orderID`,`payed`) VALUES ('658','433','19','200','0');
INSERT INTO `conferenceMembers` (`ID`,`partcipantsID`,`conferenceID`,`orderID`,`payed`) VALUES ('659','56','16','23','0');
INSERT INTO `conferenceMembers` (`ID`,`partcipantsID`,`conferenceID`,`orderID`,`payed`) VALUES ('660','400','14','119','0');
INSERT INTO `conferenceMembers` (`ID`,`partcipantsID`,`conferenceID`,`orderID`,`payed`) VALUES ('661','473','2','71','0');
INSERT INTO `conferenceMembers` (`ID`,`partcipantsID`,`conferenceID`,`orderID`,`payed`) VALUES ('662','23','6','104','0');
INSERT INTO `conferenceMembers` (`ID`,`partcipantsID`,`conferenceID`,`orderID`,`payed`) VALUES ('663','37','20','145','0');
INSERT INTO `conferenceMembers` (`ID`,`partcipantsID`,`conferenceID`,`orderID`,`payed`) VALUES ('664','413','12','150','0');
INSERT INTO `conferenceMembers` (`ID`,`partcipantsID`,`conferenceID`,`orderID`,`payed`) VALUES ('665','338','13','168','0');
INSERT INTO `conferenceMembers` (`ID`,`partcipantsID`,`conferenceID`,`orderID`,`payed`) VALUES ('666','277','17','171','0');
INSERT INTO `conferenceMembers` (`ID`,`partcipantsID`,`conferenceID`,`orderID`,`payed`) VALUES ('667','295','20','160','0');
INSERT INTO `conferenceMembers` (`ID`,`partcipantsID`,`conferenceID`,`orderID`,`payed`) VALUES ('668','331','8','91','0');
INSERT INTO `conferenceMembers` (`ID`,`partcipantsID`,`conferenceID`,`orderID`,`payed`) VALUES ('669','241','17','33','0');
INSERT INTO `conferenceMembers` (`ID`,`partcipantsID`,`conferenceID`,`orderID`,`payed`) VALUES ('670','34','14','175','0');
INSERT INTO `conferenceMembers` (`ID`,`partcipantsID`,`conferenceID`,`orderID`,`payed`) VALUES ('671','336','12','109','0');
INSERT INTO `conferenceMembers` (`ID`,`partcipantsID`,`conferenceID`,`orderID`,`payed`) VALUES ('672','82','6','200','0');
INSERT INTO `conferenceMembers` (`ID`,`partcipantsID`,`conferenceID`,`orderID`,`payed`) VALUES ('673','457','17','76','0');
INSERT INTO `conferenceMembers` (`ID`,`partcipantsID`,`conferenceID`,`orderID`,`payed`) VALUES ('674','334','5','26','0');
INSERT INTO `conferenceMembers` (`ID`,`partcipantsID`,`conferenceID`,`orderID`,`payed`) VALUES ('675','100','19','129','0');
INSERT INTO `conferenceMembers` (`ID`,`partcipantsID`,`conferenceID`,`orderID`,`payed`) VALUES ('676','160','2','94','0');
INSERT INTO `conferenceMembers` (`ID`,`partcipantsID`,`conferenceID`,`orderID`,`payed`) VALUES ('677','453','13','66','0');
INSERT INTO `conferenceMembers` (`ID`,`partcipantsID`,`conferenceID`,`orderID`,`payed`) VALUES ('678','155','4','23','0');
INSERT INTO `conferenceMembers` (`ID`,`partcipantsID`,`conferenceID`,`orderID`,`payed`) VALUES ('679','396','14','96','0');
INSERT INTO `conferenceMembers` (`ID`,`partcipantsID`,`conferenceID`,`orderID`,`payed`) VALUES ('680','471','10','159','0');
INSERT INTO `conferenceMembers` (`ID`,`partcipantsID`,`conferenceID`,`orderID`,`payed`) VALUES ('681','155','4','64','0');
INSERT INTO `conferenceMembers` (`ID`,`partcipantsID`,`conferenceID`,`orderID`,`payed`) VALUES ('682','203','9','47','0');
INSERT INTO `conferenceMembers` (`ID`,`partcipantsID`,`conferenceID`,`orderID`,`payed`) VALUES ('683','188','18','93','0');
INSERT INTO `conferenceMembers` (`ID`,`partcipantsID`,`conferenceID`,`orderID`,`payed`) VALUES ('684','487','19','99','0');
INSERT INTO `conferenceMembers` (`ID`,`partcipantsID`,`conferenceID`,`orderID`,`payed`) VALUES ('685','280','17','171','0');
INSERT INTO `conferenceMembers` (`ID`,`partcipantsID`,`conferenceID`,`orderID`,`payed`) VALUES ('686','10','20','171','0');
INSERT INTO `conferenceMembers` (`ID`,`partcipantsID`,`conferenceID`,`orderID`,`payed`) VALUES ('687','306','7','154','0');
INSERT INTO `conferenceMembers` (`ID`,`partcipantsID`,`conferenceID`,`orderID`,`payed`) VALUES ('688','402','12','82','0');
INSERT INTO `conferenceMembers` (`ID`,`partcipantsID`,`conferenceID`,`orderID`,`payed`) VALUES ('689','367','15','18','0');
INSERT INTO `conferenceMembers` (`ID`,`partcipantsID`,`conferenceID`,`orderID`,`payed`) VALUES ('690','89','7','149','0');
INSERT INTO `conferenceMembers` (`ID`,`partcipantsID`,`conferenceID`,`orderID`,`payed`) VALUES ('691','99','5','50','0');
INSERT INTO `conferenceMembers` (`ID`,`partcipantsID`,`conferenceID`,`orderID`,`payed`) VALUES ('692','69','15','11','0');
INSERT INTO `conferenceMembers` (`ID`,`partcipantsID`,`conferenceID`,`orderID`,`payed`) VALUES ('693','282','19','113','0');
INSERT INTO `conferenceMembers` (`ID`,`partcipantsID`,`conferenceID`,`orderID`,`payed`) VALUES ('694','432','9','79','0');
INSERT INTO `conferenceMembers` (`ID`,`partcipantsID`,`conferenceID`,`orderID`,`payed`) VALUES ('695','372','4','6','0');
INSERT INTO `conferenceMembers` (`ID`,`partcipantsID`,`conferenceID`,`orderID`,`payed`) VALUES ('696','359','9','132','0');
INSERT INTO `conferenceMembers` (`ID`,`partcipantsID`,`conferenceID`,`orderID`,`payed`) VALUES ('697','82','15','118','0');
INSERT INTO `conferenceMembers` (`ID`,`partcipantsID`,`conferenceID`,`orderID`,`payed`) VALUES ('698','36','7','179','0');
INSERT INTO `conferenceMembers` (`ID`,`partcipantsID`,`conferenceID`,`orderID`,`payed`) VALUES ('699','269','3','89','0');
INSERT INTO `conferenceMembers` (`ID`,`partcipantsID`,`conferenceID`,`orderID`,`payed`) VALUES ('700','440','10','74','0');
INSERT INTO `conferenceMembers` (`ID`,`partcipantsID`,`conferenceID`,`orderID`,`payed`) VALUES ('701','196','19','5','0');
INSERT INTO `conferenceMembers` (`ID`,`partcipantsID`,`conferenceID`,`orderID`,`payed`) VALUES ('702','175','9','146','0');
INSERT INTO `conferenceMembers` (`ID`,`partcipantsID`,`conferenceID`,`orderID`,`payed`) VALUES ('703','286','16','128','0');
INSERT INTO `conferenceMembers` (`ID`,`partcipantsID`,`conferenceID`,`orderID`,`payed`) VALUES ('704','96','6','148','0');
INSERT INTO `conferenceMembers` (`ID`,`partcipantsID`,`conferenceID`,`orderID`,`payed`) VALUES ('705','23','7','139','0');
INSERT INTO `conferenceMembers` (`ID`,`partcipantsID`,`conferenceID`,`orderID`,`payed`) VALUES ('706','329','12','77','0');
INSERT INTO `conferenceMembers` (`ID`,`partcipantsID`,`conferenceID`,`orderID`,`payed`) VALUES ('707','362','17','174','0');
INSERT INTO `conferenceMembers` (`ID`,`partcipantsID`,`conferenceID`,`orderID`,`payed`) VALUES ('708','158','5','9','0');
INSERT INTO `conferenceMembers` (`ID`,`partcipantsID`,`conferenceID`,`orderID`,`payed`) VALUES ('709','84','2','193','0');
INSERT INTO `conferenceMembers` (`ID`,`partcipantsID`,`conferenceID`,`orderID`,`payed`) VALUES ('710','241','14','122','0');
INSERT INTO `conferenceMembers` (`ID`,`partcipantsID`,`conferenceID`,`orderID`,`payed`) VALUES ('711','223','5','68','0');
INSERT INTO `conferenceMembers` (`ID`,`partcipantsID`,`conferenceID`,`orderID`,`payed`) VALUES ('712','270','2','199','0');
INSERT INTO `conferenceMembers` (`ID`,`partcipantsID`,`conferenceID`,`orderID`,`payed`) VALUES ('713','202','14','141','0');
INSERT INTO `conferenceMembers` (`ID`,`partcipantsID`,`conferenceID`,`orderID`,`payed`) VALUES ('714','136','2','51','0');
INSERT INTO `conferenceMembers` (`ID`,`partcipantsID`,`conferenceID`,`orderID`,`payed`) VALUES ('715','455','3','120','0');
INSERT INTO `conferenceMembers` (`ID`,`partcipantsID`,`conferenceID`,`orderID`,`payed`) VALUES ('716','177','13','186','0');
INSERT INTO `conferenceMembers` (`ID`,`partcipantsID`,`conferenceID`,`orderID`,`payed`) VALUES ('717','356','18','7','0');
INSERT INTO `conferenceMembers` (`ID`,`partcipantsID`,`conferenceID`,`orderID`,`payed`) VALUES ('718','290','13','49','0');
INSERT INTO `conferenceMembers` (`ID`,`partcipantsID`,`conferenceID`,`orderID`,`payed`) VALUES ('719','442','12','132','0');
INSERT INTO `conferenceMembers` (`ID`,`partcipantsID`,`conferenceID`,`orderID`,`payed`) VALUES ('720','331','14','2','0');
INSERT INTO `conferenceMembers` (`ID`,`partcipantsID`,`conferenceID`,`orderID`,`payed`) VALUES ('721','168','15','25','0');
INSERT INTO `conferenceMembers` (`ID`,`partcipantsID`,`conferenceID`,`orderID`,`payed`) VALUES ('722','396','8','121','0');
INSERT INTO `conferenceMembers` (`ID`,`partcipantsID`,`conferenceID`,`orderID`,`payed`) VALUES ('723','248','4','185','0');
INSERT INTO `conferenceMembers` (`ID`,`partcipantsID`,`conferenceID`,`orderID`,`payed`) VALUES ('724','421','18','74','0');
INSERT INTO `conferenceMembers` (`ID`,`partcipantsID`,`conferenceID`,`orderID`,`payed`) VALUES ('725','372','8','149','0');
INSERT INTO `conferenceMembers` (`ID`,`partcipantsID`,`conferenceID`,`orderID`,`payed`) VALUES ('726','20','20','70','0');
INSERT INTO `conferenceMembers` (`ID`,`partcipantsID`,`conferenceID`,`orderID`,`payed`) VALUES ('727','285','1','69','0');
INSERT INTO `conferenceMembers` (`ID`,`partcipantsID`,`conferenceID`,`orderID`,`payed`) VALUES ('728','329','7','59','0');
INSERT INTO `conferenceMembers` (`ID`,`partcipantsID`,`conferenceID`,`orderID`,`payed`) VALUES ('729','28','9','120','0');
INSERT INTO `conferenceMembers` (`ID`,`partcipantsID`,`conferenceID`,`orderID`,`payed`) VALUES ('730','398','4','109','0');
INSERT INTO `conferenceMembers` (`ID`,`partcipantsID`,`conferenceID`,`orderID`,`payed`) VALUES ('731','200','10','28','0');
INSERT INTO `conferenceMembers` (`ID`,`partcipantsID`,`conferenceID`,`orderID`,`payed`) VALUES ('732','160','11','159','0');
INSERT INTO `conferenceMembers` (`ID`,`partcipantsID`,`conferenceID`,`orderID`,`payed`) VALUES ('733','452','11','77','0');
INSERT INTO `conferenceMembers` (`ID`,`partcipantsID`,`conferenceID`,`orderID`,`payed`) VALUES ('734','261','15','173','0');
INSERT INTO `conferenceMembers` (`ID`,`partcipantsID`,`conferenceID`,`orderID`,`payed`) VALUES ('735','368','5','65','0');
INSERT INTO `conferenceMembers` (`ID`,`partcipantsID`,`conferenceID`,`orderID`,`payed`) VALUES ('736','277','13','77','0');
INSERT INTO `conferenceMembers` (`ID`,`partcipantsID`,`conferenceID`,`orderID`,`payed`) VALUES ('737','17','20','91','0');
INSERT INTO `conferenceMembers` (`ID`,`partcipantsID`,`conferenceID`,`orderID`,`payed`) VALUES ('738','92','20','24','0');
INSERT INTO `conferenceMembers` (`ID`,`partcipantsID`,`conferenceID`,`orderID`,`payed`) VALUES ('739','233','6','165','0');
INSERT INTO `conferenceMembers` (`ID`,`partcipantsID`,`conferenceID`,`orderID`,`payed`) VALUES ('740','381','13','170','0');
INSERT INTO `conferenceMembers` (`ID`,`partcipantsID`,`conferenceID`,`orderID`,`payed`) VALUES ('741','74','5','122','0');
INSERT INTO `conferenceMembers` (`ID`,`partcipantsID`,`conferenceID`,`orderID`,`payed`) VALUES ('742','480','10','152','0');
INSERT INTO `conferenceMembers` (`ID`,`partcipantsID`,`conferenceID`,`orderID`,`payed`) VALUES ('743','336','2','18','0');
INSERT INTO `conferenceMembers` (`ID`,`partcipantsID`,`conferenceID`,`orderID`,`payed`) VALUES ('744','349','10','167','0');
INSERT INTO `conferenceMembers` (`ID`,`partcipantsID`,`conferenceID`,`orderID`,`payed`) VALUES ('745','228','6','112','0');
INSERT INTO `conferenceMembers` (`ID`,`partcipantsID`,`conferenceID`,`orderID`,`payed`) VALUES ('746','142','14','44','0');
INSERT INTO `conferenceMembers` (`ID`,`partcipantsID`,`conferenceID`,`orderID`,`payed`) VALUES ('747','468','1','107','0');
INSERT INTO `conferenceMembers` (`ID`,`partcipantsID`,`conferenceID`,`orderID`,`payed`) VALUES ('748','327','8','72','0');
INSERT INTO `conferenceMembers` (`ID`,`partcipantsID`,`conferenceID`,`orderID`,`payed`) VALUES ('749','304','20','95','0');
INSERT INTO `conferenceMembers` (`ID`,`partcipantsID`,`conferenceID`,`orderID`,`payed`) VALUES ('750','217','5','53','0');
INSERT INTO `conferenceMembers` (`ID`,`partcipantsID`,`conferenceID`,`orderID`,`payed`) VALUES ('751','156','7','66','0');
INSERT INTO `conferenceMembers` (`ID`,`partcipantsID`,`conferenceID`,`orderID`,`payed`) VALUES ('752','411','4','148','0');
INSERT INTO `conferenceMembers` (`ID`,`partcipantsID`,`conferenceID`,`orderID`,`payed`) VALUES ('753','221','6','183','0');
INSERT INTO `conferenceMembers` (`ID`,`partcipantsID`,`conferenceID`,`orderID`,`payed`) VALUES ('754','487','3','95','0');
INSERT INTO `conferenceMembers` (`ID`,`partcipantsID`,`conferenceID`,`orderID`,`payed`) VALUES ('755','87','1','121','0');
INSERT INTO `conferenceMembers` (`ID`,`partcipantsID`,`conferenceID`,`orderID`,`payed`) VALUES ('756','190','20','126','0');
INSERT INTO `conferenceMembers` (`ID`,`partcipantsID`,`conferenceID`,`orderID`,`payed`) VALUES ('757','464','2','111','0');
INSERT INTO `conferenceMembers` (`ID`,`partcipantsID`,`conferenceID`,`orderID`,`payed`) VALUES ('758','165','17','93','0');
INSERT INTO `conferenceMembers` (`ID`,`partcipantsID`,`conferenceID`,`orderID`,`payed`) VALUES ('759','81','16','130','0');
INSERT INTO `conferenceMembers` (`ID`,`partcipantsID`,`conferenceID`,`orderID`,`payed`) VALUES ('760','474','8','52','0');
INSERT INTO `conferenceMembers` (`ID`,`partcipantsID`,`conferenceID`,`orderID`,`payed`) VALUES ('761','340','4','23','0');
INSERT INTO `conferenceMembers` (`ID`,`partcipantsID`,`conferenceID`,`orderID`,`payed`) VALUES ('762','151','12','112','0');
INSERT INTO `conferenceMembers` (`ID`,`partcipantsID`,`conferenceID`,`orderID`,`payed`) VALUES ('763','293','4','61','0');
INSERT INTO `conferenceMembers` (`ID`,`partcipantsID`,`conferenceID`,`orderID`,`payed`) VALUES ('764','61','19','191','0');
INSERT INTO `conferenceMembers` (`ID`,`partcipantsID`,`conferenceID`,`orderID`,`payed`) VALUES ('765','16','11','82','0');
INSERT INTO `conferenceMembers` (`ID`,`partcipantsID`,`conferenceID`,`orderID`,`payed`) VALUES ('766','157','18','200','0');
INSERT INTO `conferenceMembers` (`ID`,`partcipantsID`,`conferenceID`,`orderID`,`payed`) VALUES ('767','329','13','91','0');
INSERT INTO `conferenceMembers` (`ID`,`partcipantsID`,`conferenceID`,`orderID`,`payed`) VALUES ('768','16','15','199','0');
INSERT INTO `conferenceMembers` (`ID`,`partcipantsID`,`conferenceID`,`orderID`,`payed`) VALUES ('769','440','3','73','0');
INSERT INTO `conferenceMembers` (`ID`,`partcipantsID`,`conferenceID`,`orderID`,`payed`) VALUES ('770','344','19','131','0');
INSERT INTO `conferenceMembers` (`ID`,`partcipantsID`,`conferenceID`,`orderID`,`payed`) VALUES ('771','39','20','48','0');
INSERT INTO `conferenceMembers` (`ID`,`partcipantsID`,`conferenceID`,`orderID`,`payed`) VALUES ('772','444','4','49','0');
INSERT INTO `conferenceMembers` (`ID`,`partcipantsID`,`conferenceID`,`orderID`,`payed`) VALUES ('773','345','13','56','0');
INSERT INTO `conferenceMembers` (`ID`,`partcipantsID`,`conferenceID`,`orderID`,`payed`) VALUES ('774','259','6','96','0');
INSERT INTO `conferenceMembers` (`ID`,`partcipantsID`,`conferenceID`,`orderID`,`payed`) VALUES ('775','462','19','156','0');
INSERT INTO `conferenceMembers` (`ID`,`partcipantsID`,`conferenceID`,`orderID`,`payed`) VALUES ('776','321','16','134','0');
INSERT INTO `conferenceMembers` (`ID`,`partcipantsID`,`conferenceID`,`orderID`,`payed`) VALUES ('777','436','1','141','0');
INSERT INTO `conferenceMembers` (`ID`,`partcipantsID`,`conferenceID`,`orderID`,`payed`) VALUES ('778','473','8','167','0');
INSERT INTO `conferenceMembers` (`ID`,`partcipantsID`,`conferenceID`,`orderID`,`payed`) VALUES ('779','156','2','44','0');
INSERT INTO `conferenceMembers` (`ID`,`partcipantsID`,`conferenceID`,`orderID`,`payed`) VALUES ('780','128','10','23','0');
INSERT INTO `conferenceMembers` (`ID`,`partcipantsID`,`conferenceID`,`orderID`,`payed`) VALUES ('781','57','8','190','0');
INSERT INTO `conferenceMembers` (`ID`,`partcipantsID`,`conferenceID`,`orderID`,`payed`) VALUES ('782','334','9','161','0');
INSERT INTO `conferenceMembers` (`ID`,`partcipantsID`,`conferenceID`,`orderID`,`payed`) VALUES ('783','179','12','110','0');
INSERT INTO `conferenceMembers` (`ID`,`partcipantsID`,`conferenceID`,`orderID`,`payed`) VALUES ('784','174','5','104','0');
INSERT INTO `conferenceMembers` (`ID`,`partcipantsID`,`conferenceID`,`orderID`,`payed`) VALUES ('785','120','5','156','0');
INSERT INTO `conferenceMembers` (`ID`,`partcipantsID`,`conferenceID`,`orderID`,`payed`) VALUES ('786','288','13','41','0');
INSERT INTO `conferenceMembers` (`ID`,`partcipantsID`,`conferenceID`,`orderID`,`payed`) VALUES ('787','338','9','17','0');
INSERT INTO `conferenceMembers` (`ID`,`partcipantsID`,`conferenceID`,`orderID`,`payed`) VALUES ('788','443','4','176','0');
INSERT INTO `conferenceMembers` (`ID`,`partcipantsID`,`conferenceID`,`orderID`,`payed`) VALUES ('789','296','17','126','0');
INSERT INTO `conferenceMembers` (`ID`,`partcipantsID`,`conferenceID`,`orderID`,`payed`) VALUES ('790','125','9','170','0');
INSERT INTO `conferenceMembers` (`ID`,`partcipantsID`,`conferenceID`,`orderID`,`payed`) VALUES ('791','6','8','121','0');
INSERT INTO `conferenceMembers` (`ID`,`partcipantsID`,`conferenceID`,`orderID`,`payed`) VALUES ('792','305','3','116','0');
INSERT INTO `conferenceMembers` (`ID`,`partcipantsID`,`conferenceID`,`orderID`,`payed`) VALUES ('793','172','8','6','0');
INSERT INTO `conferenceMembers` (`ID`,`partcipantsID`,`conferenceID`,`orderID`,`payed`) VALUES ('794','480','5','161','0');
INSERT INTO `conferenceMembers` (`ID`,`partcipantsID`,`conferenceID`,`orderID`,`payed`) VALUES ('795','328','18','113','0');
INSERT INTO `conferenceMembers` (`ID`,`partcipantsID`,`conferenceID`,`orderID`,`payed`) VALUES ('796','44','9','108','0');
INSERT INTO `conferenceMembers` (`ID`,`partcipantsID`,`conferenceID`,`orderID`,`payed`) VALUES ('797','132','4','187','0');
INSERT INTO `conferenceMembers` (`ID`,`partcipantsID`,`conferenceID`,`orderID`,`payed`) VALUES ('798','299','16','24','0');
INSERT INTO `conferenceMembers` (`ID`,`partcipantsID`,`conferenceID`,`orderID`,`payed`) VALUES ('799','91','15','194','0');
INSERT INTO `conferenceMembers` (`ID`,`partcipantsID`,`conferenceID`,`orderID`,`payed`) VALUES ('800','423','11','128','0');
INSERT INTO `conferenceMembers` (`ID`,`partcipantsID`,`conferenceID`,`orderID`,`payed`) VALUES ('801','447','14','22','0');
INSERT INTO `conferenceMembers` (`ID`,`partcipantsID`,`conferenceID`,`orderID`,`payed`) VALUES ('802','450','19','97','0');
INSERT INTO `conferenceMembers` (`ID`,`partcipantsID`,`conferenceID`,`orderID`,`payed`) VALUES ('803','400','1','19','0');
INSERT INTO `conferenceMembers` (`ID`,`partcipantsID`,`conferenceID`,`orderID`,`payed`) VALUES ('804','244','13','113','0');
INSERT INTO `conferenceMembers` (`ID`,`partcipantsID`,`conferenceID`,`orderID`,`payed`) VALUES ('805','400','10','53','0');
INSERT INTO `conferenceMembers` (`ID`,`partcipantsID`,`conferenceID`,`orderID`,`payed`) VALUES ('806','141','8','2','0');
INSERT INTO `conferenceMembers` (`ID`,`partcipantsID`,`conferenceID`,`orderID`,`payed`) VALUES ('807','52','20','51','0');
INSERT INTO `conferenceMembers` (`ID`,`partcipantsID`,`conferenceID`,`orderID`,`payed`) VALUES ('808','257','18','28','0');
INSERT INTO `conferenceMembers` (`ID`,`partcipantsID`,`conferenceID`,`orderID`,`payed`) VALUES ('809','277','5','52','0');
INSERT INTO `conferenceMembers` (`ID`,`partcipantsID`,`conferenceID`,`orderID`,`payed`) VALUES ('810','78','15','1','0');
INSERT INTO `conferenceMembers` (`ID`,`partcipantsID`,`conferenceID`,`orderID`,`payed`) VALUES ('811','395','2','168','0');
INSERT INTO `conferenceMembers` (`ID`,`partcipantsID`,`conferenceID`,`orderID`,`payed`) VALUES ('812','367','8','6','0');
INSERT INTO `conferenceMembers` (`ID`,`partcipantsID`,`conferenceID`,`orderID`,`payed`) VALUES ('813','448','6','186','0');
INSERT INTO `conferenceMembers` (`ID`,`partcipantsID`,`conferenceID`,`orderID`,`payed`) VALUES ('814','336','19','128','0');
INSERT INTO `conferenceMembers` (`ID`,`partcipantsID`,`conferenceID`,`orderID`,`payed`) VALUES ('815','454','18','145','0');
INSERT INTO `conferenceMembers` (`ID`,`partcipantsID`,`conferenceID`,`orderID`,`payed`) VALUES ('816','388','18','166','0');
INSERT INTO `conferenceMembers` (`ID`,`partcipantsID`,`conferenceID`,`orderID`,`payed`) VALUES ('817','51','2','156','0');
INSERT INTO `conferenceMembers` (`ID`,`partcipantsID`,`conferenceID`,`orderID`,`payed`) VALUES ('818','412','16','42','0');
INSERT INTO `conferenceMembers` (`ID`,`partcipantsID`,`conferenceID`,`orderID`,`payed`) VALUES ('819','442','1','178','0');
INSERT INTO `conferenceMembers` (`ID`,`partcipantsID`,`conferenceID`,`orderID`,`payed`) VALUES ('820','223','19','30','0');
INSERT INTO `conferenceMembers` (`ID`,`partcipantsID`,`conferenceID`,`orderID`,`payed`) VALUES ('821','104','2','104','0');
INSERT INTO `conferenceMembers` (`ID`,`partcipantsID`,`conferenceID`,`orderID`,`payed`) VALUES ('822','7','4','131','0');
INSERT INTO `conferenceMembers` (`ID`,`partcipantsID`,`conferenceID`,`orderID`,`payed`) VALUES ('823','22','8','69','0');
INSERT INTO `conferenceMembers` (`ID`,`partcipantsID`,`conferenceID`,`orderID`,`payed`) VALUES ('824','115','4','30','0');
INSERT INTO `conferenceMembers` (`ID`,`partcipantsID`,`conferenceID`,`orderID`,`payed`) VALUES ('825','125','19','117','0');
INSERT INTO `conferenceMembers` (`ID`,`partcipantsID`,`conferenceID`,`orderID`,`payed`) VALUES ('826','355','16','137','0');
INSERT INTO `conferenceMembers` (`ID`,`partcipantsID`,`conferenceID`,`orderID`,`payed`) VALUES ('827','419','12','42','0');
INSERT INTO `conferenceMembers` (`ID`,`partcipantsID`,`conferenceID`,`orderID`,`payed`) VALUES ('828','246','8','125','0');
INSERT INTO `conferenceMembers` (`ID`,`partcipantsID`,`conferenceID`,`orderID`,`payed`) VALUES ('829','218','3','116','0');
INSERT INTO `conferenceMembers` (`ID`,`partcipantsID`,`conferenceID`,`orderID`,`payed`) VALUES ('830','146','5','74','0');
INSERT INTO `conferenceMembers` (`ID`,`partcipantsID`,`conferenceID`,`orderID`,`payed`) VALUES ('831','300','15','31','0');
INSERT INTO `conferenceMembers` (`ID`,`partcipantsID`,`conferenceID`,`orderID`,`payed`) VALUES ('832','439','6','32','0');
INSERT INTO `conferenceMembers` (`ID`,`partcipantsID`,`conferenceID`,`orderID`,`payed`) VALUES ('833','111','15','40','0');
INSERT INTO `conferenceMembers` (`ID`,`partcipantsID`,`conferenceID`,`orderID`,`payed`) VALUES ('834','269','18','105','0');
INSERT INTO `conferenceMembers` (`ID`,`partcipantsID`,`conferenceID`,`orderID`,`payed`) VALUES ('835','229','15','131','0');
INSERT INTO `conferenceMembers` (`ID`,`partcipantsID`,`conferenceID`,`orderID`,`payed`) VALUES ('836','44','6','130','0');
INSERT INTO `conferenceMembers` (`ID`,`partcipantsID`,`conferenceID`,`orderID`,`payed`) VALUES ('837','207','5','194','0');
INSERT INTO `conferenceMembers` (`ID`,`partcipantsID`,`conferenceID`,`orderID`,`payed`) VALUES ('838','225','7','8','0');
INSERT INTO `conferenceMembers` (`ID`,`partcipantsID`,`conferenceID`,`orderID`,`payed`) VALUES ('839','24','4','176','0');
INSERT INTO `conferenceMembers` (`ID`,`partcipantsID`,`conferenceID`,`orderID`,`payed`) VALUES ('840','243','1','11','0');
INSERT INTO `conferenceMembers` (`ID`,`partcipantsID`,`conferenceID`,`orderID`,`payed`) VALUES ('841','392','6','128','0');
INSERT INTO `conferenceMembers` (`ID`,`partcipantsID`,`conferenceID`,`orderID`,`payed`) VALUES ('842','69','4','139','0');
INSERT INTO `conferenceMembers` (`ID`,`partcipantsID`,`conferenceID`,`orderID`,`payed`) VALUES ('843','445','7','109','0');
INSERT INTO `conferenceMembers` (`ID`,`partcipantsID`,`conferenceID`,`orderID`,`payed`) VALUES ('844','311','4','100','0');
INSERT INTO `conferenceMembers` (`ID`,`partcipantsID`,`conferenceID`,`orderID`,`payed`) VALUES ('845','204','10','148','0');
INSERT INTO `conferenceMembers` (`ID`,`partcipantsID`,`conferenceID`,`orderID`,`payed`) VALUES ('846','402','16','181','0');
INSERT INTO `conferenceMembers` (`ID`,`partcipantsID`,`conferenceID`,`orderID`,`payed`) VALUES ('847','481','16','155','0');
INSERT INTO `conferenceMembers` (`ID`,`partcipantsID`,`conferenceID`,`orderID`,`payed`) VALUES ('848','411','17','31','0');
INSERT INTO `conferenceMembers` (`ID`,`partcipantsID`,`conferenceID`,`orderID`,`payed`) VALUES ('849','40','16','185','0');
INSERT INTO `conferenceMembers` (`ID`,`partcipantsID`,`conferenceID`,`orderID`,`payed`) VALUES ('850','476','13','162','0');
INSERT INTO `conferenceMembers` (`ID`,`partcipantsID`,`conferenceID`,`orderID`,`payed`) VALUES ('851','481','8','164','0');
INSERT INTO `conferenceMembers` (`ID`,`partcipantsID`,`conferenceID`,`orderID`,`payed`) VALUES ('852','269','7','123','0');
INSERT INTO `conferenceMembers` (`ID`,`partcipantsID`,`conferenceID`,`orderID`,`payed`) VALUES ('853','390','7','161','0');
INSERT INTO `conferenceMembers` (`ID`,`partcipantsID`,`conferenceID`,`orderID`,`payed`) VALUES ('854','62','15','87','0');
INSERT INTO `conferenceMembers` (`ID`,`partcipantsID`,`conferenceID`,`orderID`,`payed`) VALUES ('855','245','5','107','0');
INSERT INTO `conferenceMembers` (`ID`,`partcipantsID`,`conferenceID`,`orderID`,`payed`) VALUES ('856','17','14','183','0');
INSERT INTO `conferenceMembers` (`ID`,`partcipantsID`,`conferenceID`,`orderID`,`payed`) VALUES ('857','239','17','66','0');
INSERT INTO `conferenceMembers` (`ID`,`partcipantsID`,`conferenceID`,`orderID`,`payed`) VALUES ('858','226','3','54','0');
INSERT INTO `conferenceMembers` (`ID`,`partcipantsID`,`conferenceID`,`orderID`,`payed`) VALUES ('859','245','2','199','0');
INSERT INTO `conferenceMembers` (`ID`,`partcipantsID`,`conferenceID`,`orderID`,`payed`) VALUES ('860','200','13','195','0');
INSERT INTO `conferenceMembers` (`ID`,`partcipantsID`,`conferenceID`,`orderID`,`payed`) VALUES ('861','478','16','152','0');
INSERT INTO `conferenceMembers` (`ID`,`partcipantsID`,`conferenceID`,`orderID`,`payed`) VALUES ('862','240','4','33','0');
INSERT INTO `conferenceMembers` (`ID`,`partcipantsID`,`conferenceID`,`orderID`,`payed`) VALUES ('863','199','14','56','0');
INSERT INTO `conferenceMembers` (`ID`,`partcipantsID`,`conferenceID`,`orderID`,`payed`) VALUES ('864','189','4','109','0');
INSERT INTO `conferenceMembers` (`ID`,`partcipantsID`,`conferenceID`,`orderID`,`payed`) VALUES ('865','15','18','57','0');
INSERT INTO `conferenceMembers` (`ID`,`partcipantsID`,`conferenceID`,`orderID`,`payed`) VALUES ('866','5','11','179','0');
INSERT INTO `conferenceMembers` (`ID`,`partcipantsID`,`conferenceID`,`orderID`,`payed`) VALUES ('867','318','18','105','0');
INSERT INTO `conferenceMembers` (`ID`,`partcipantsID`,`conferenceID`,`orderID`,`payed`) VALUES ('868','245','10','43','0');
INSERT INTO `conferenceMembers` (`ID`,`partcipantsID`,`conferenceID`,`orderID`,`payed`) VALUES ('869','134','20','105','0');
INSERT INTO `conferenceMembers` (`ID`,`partcipantsID`,`conferenceID`,`orderID`,`payed`) VALUES ('870','83','14','143','0');
INSERT INTO `conferenceMembers` (`ID`,`partcipantsID`,`conferenceID`,`orderID`,`payed`) VALUES ('871','186','20','199','0');
INSERT INTO `conferenceMembers` (`ID`,`partcipantsID`,`conferenceID`,`orderID`,`payed`) VALUES ('872','93','11','121','0');
INSERT INTO `conferenceMembers` (`ID`,`partcipantsID`,`conferenceID`,`orderID`,`payed`) VALUES ('873','203','18','140','0');
INSERT INTO `conferenceMembers` (`ID`,`partcipantsID`,`conferenceID`,`orderID`,`payed`) VALUES ('874','216','12','183','0');
INSERT INTO `conferenceMembers` (`ID`,`partcipantsID`,`conferenceID`,`orderID`,`payed`) VALUES ('875','238','9','21','0');
INSERT INTO `conferenceMembers` (`ID`,`partcipantsID`,`conferenceID`,`orderID`,`payed`) VALUES ('876','464','7','82','0');
INSERT INTO `conferenceMembers` (`ID`,`partcipantsID`,`conferenceID`,`orderID`,`payed`) VALUES ('877','144','19','188','0');
INSERT INTO `conferenceMembers` (`ID`,`partcipantsID`,`conferenceID`,`orderID`,`payed`) VALUES ('878','305','14','3','0');
INSERT INTO `conferenceMembers` (`ID`,`partcipantsID`,`conferenceID`,`orderID`,`payed`) VALUES ('879','324','1','147','0');
INSERT INTO `conferenceMembers` (`ID`,`partcipantsID`,`conferenceID`,`orderID`,`payed`) VALUES ('880','269','7','10','0');
INSERT INTO `conferenceMembers` (`ID`,`partcipantsID`,`conferenceID`,`orderID`,`payed`) VALUES ('881','107','15','72','0');
INSERT INTO `conferenceMembers` (`ID`,`partcipantsID`,`conferenceID`,`orderID`,`payed`) VALUES ('882','168','6','143','0');
INSERT INTO `conferenceMembers` (`ID`,`partcipantsID`,`conferenceID`,`orderID`,`payed`) VALUES ('883','350','17','155','0');
INSERT INTO `conferenceMembers` (`ID`,`partcipantsID`,`conferenceID`,`orderID`,`payed`) VALUES ('884','63','4','165','0');
INSERT INTO `conferenceMembers` (`ID`,`partcipantsID`,`conferenceID`,`orderID`,`payed`) VALUES ('885','57','16','173','0');
INSERT INTO `conferenceMembers` (`ID`,`partcipantsID`,`conferenceID`,`orderID`,`payed`) VALUES ('886','207','18','141','0');
INSERT INTO `conferenceMembers` (`ID`,`partcipantsID`,`conferenceID`,`orderID`,`payed`) VALUES ('887','441','9','179','0');
INSERT INTO `conferenceMembers` (`ID`,`partcipantsID`,`conferenceID`,`orderID`,`payed`) VALUES ('888','384','19','73','0');
INSERT INTO `conferenceMembers` (`ID`,`partcipantsID`,`conferenceID`,`orderID`,`payed`) VALUES ('889','343','15','125','0');
INSERT INTO `conferenceMembers` (`ID`,`partcipantsID`,`conferenceID`,`orderID`,`payed`) VALUES ('890','493','7','166','0');
INSERT INTO `conferenceMembers` (`ID`,`partcipantsID`,`conferenceID`,`orderID`,`payed`) VALUES ('891','73','13','63','0');
INSERT INTO `conferenceMembers` (`ID`,`partcipantsID`,`conferenceID`,`orderID`,`payed`) VALUES ('892','394','3','137','0');
INSERT INTO `conferenceMembers` (`ID`,`partcipantsID`,`conferenceID`,`orderID`,`payed`) VALUES ('893','447','11','125','0');
INSERT INTO `conferenceMembers` (`ID`,`partcipantsID`,`conferenceID`,`orderID`,`payed`) VALUES ('894','213','7','74','0');
INSERT INTO `conferenceMembers` (`ID`,`partcipantsID`,`conferenceID`,`orderID`,`payed`) VALUES ('895','382','6','146','0');
INSERT INTO `conferenceMembers` (`ID`,`partcipantsID`,`conferenceID`,`orderID`,`payed`) VALUES ('896','100','2','102','0');
INSERT INTO `conferenceMembers` (`ID`,`partcipantsID`,`conferenceID`,`orderID`,`payed`) VALUES ('897','404','3','181','0');
INSERT INTO `conferenceMembers` (`ID`,`partcipantsID`,`conferenceID`,`orderID`,`payed`) VALUES ('898','234','15','96','0');
INSERT INTO `conferenceMembers` (`ID`,`partcipantsID`,`conferenceID`,`orderID`,`payed`) VALUES ('899','167','16','177','0');
INSERT INTO `conferenceMembers` (`ID`,`partcipantsID`,`conferenceID`,`orderID`,`payed`) VALUES ('900','460','12','5','0');
INSERT INTO `conferenceMembers` (`ID`,`partcipantsID`,`conferenceID`,`orderID`,`payed`) VALUES ('901','501','10','99','0');
INSERT INTO `conferenceMembers` (`ID`,`partcipantsID`,`conferenceID`,`orderID`,`payed`) VALUES ('902','502','12','100','0');
INSERT INTO `conferenceMembers` (`ID`,`partcipantsID`,`conferenceID`,`orderID`,`payed`) VALUES ('903','503','11','','0');
INSERT INTO `conferenceMembers` (`ID`,`partcipantsID`,`conferenceID`,`orderID`,`payed`) VALUES ('904','505','10','102','0');
INSERT INTO `conferenceMembers` (`ID`,`partcipantsID`,`conferenceID`,`orderID`,`payed`) VALUES ('905','506','12','90','0');
INSERT INTO `conferenceMembers` (`ID`,`partcipantsID`,`conferenceID`,`orderID`,`payed`) VALUES ('906','507','21','98','0');

-- TABELA UCZESTNIKÓW WARSZTATÓW
DROP TABLE IF EXISTS `workshopMembers`;
CREATE TABLE `workshopMembers` (
  `ID` int(11) UNSIGNED AUTO_INCREMENT PRIMARY KEY,
  `participantsID` int(11) UNSIGNED,
  `workshopID` int(11) UNSIGNED,
  `orderID` int(11) UNSIGNED,
  `payed` boolean default 0 NOT NULL,  
  CONSTRAINT `workshopMember_participants_fk` FOREIGN KEY (`participantsID`) REFERENCES `participants` (`ID`),
  CONSTRAINT `workshopMembers_workshop_fk` FOREIGN KEY (`workshopID`) REFERENCES `workshops` (`ID`),
CONSTRAINT `workshopfMembers_order_fk` FOREIGN KEY (`orderID`) REFERENCES `orders` (`ID`));

INSERT INTO `workshopMembers` (`ID`, `participantsID`, `workshopID`, `orderID`, `payed`) VALUES ('1','453','50','40','0');
INSERT INTO `workshopMembers` (`ID`, `participantsID`, `workshopID`, `orderID`, `payed`) VALUES ('2','66','6','48','0');
INSERT INTO `workshopMembers` (`ID`, `participantsID`, `workshopID`, `orderID`, `payed`) VALUES ('3','373','5','113','0');
INSERT INTO `workshopMembers` (`ID`, `participantsID`, `workshopID`, `orderID`, `payed`) VALUES ('4','60','18','72','0');
INSERT INTO `workshopMembers` (`ID`, `participantsID`, `workshopID`, `orderID`, `payed`) VALUES ('5','497','20','69','0');
INSERT INTO `workshopMembers` (`ID`, `participantsID`, `workshopID`, `orderID`, `payed`) VALUES ('6','81','47','175','0');
INSERT INTO `workshopMembers` (`ID`, `participantsID`, `workshopID`, `orderID`, `payed`) VALUES ('7','142','34','184','0');
INSERT INTO `workshopMembers` (`ID`, `participantsID`, `workshopID`, `orderID`, `payed`) VALUES ('8','14','51','63','0');
INSERT INTO `workshopMembers` (`ID`, `participantsID`, `workshopID`, `orderID`, `payed`) VALUES ('9','73','42','69','0');
INSERT INTO `workshopMembers` (`ID`, `participantsID`, `workshopID`, `orderID`, `payed`) VALUES ('10','356','33','4','0');
INSERT INTO `workshopMembers` (`ID`, `participantsID`, `workshopID`, `orderID`, `payed`) VALUES ('11','4','48','97','0');
INSERT INTO `workshopMembers` (`ID`, `participantsID`, `workshopID`, `orderID`, `payed`) VALUES ('12','480','43','4','0');
INSERT INTO `workshopMembers` (`ID`, `participantsID`, `workshopID`, `orderID`, `payed`) VALUES ('13','333','32','122','0');
INSERT INTO `workshopMembers` (`ID`, `participantsID`, `workshopID`, `orderID`, `payed`) VALUES ('14','492','53','114','0');
INSERT INTO `workshopMembers` (`ID`, `participantsID`, `workshopID`, `orderID`, `payed`) VALUES ('15','76','10','58','0');
INSERT INTO `workshopMembers` (`ID`, `participantsID`, `workshopID`, `orderID`, `payed`) VALUES ('16','289','47','22','0');
INSERT INTO `workshopMembers` (`ID`, `participantsID`, `workshopID`, `orderID`, `payed`) VALUES ('17','57','10','200','0');
INSERT INTO `workshopMembers` (`ID`, `participantsID`, `workshopID`, `orderID`, `payed`) VALUES ('18','15','16','57','0');
INSERT INTO `workshopMembers` (`ID`, `participantsID`, `workshopID`, `orderID`, `payed`) VALUES ('19','298','58','33','0');
INSERT INTO `workshopMembers` (`ID`, `participantsID`, `workshopID`, `orderID`, `payed`) VALUES ('20','300','36','102','0');
INSERT INTO `workshopMembers` (`ID`, `participantsID`, `workshopID`, `orderID`, `payed`) VALUES ('21','271','30','19','0');
INSERT INTO `workshopMembers` (`ID`, `participantsID`, `workshopID`, `orderID`, `payed`) VALUES ('22','300','34','158','0');
INSERT INTO `workshopMembers` (`ID`, `participantsID`, `workshopID`, `orderID`, `payed`) VALUES ('23','73','50','186','0');
INSERT INTO `workshopMembers` (`ID`, `participantsID`, `workshopID`, `orderID`, `payed`) VALUES ('24','339','16','89','0');
INSERT INTO `workshopMembers` (`ID`, `participantsID`, `workshopID`, `orderID`, `payed`) VALUES ('25','244','5','123','0');
INSERT INTO `workshopMembers` (`ID`, `participantsID`, `workshopID`, `orderID`, `payed`) VALUES ('26','226','37','111','0');
INSERT INTO `workshopMembers` (`ID`, `participantsID`, `workshopID`, `orderID`, `payed`) VALUES ('27','328','56','121','0');
INSERT INTO `workshopMembers` (`ID`, `participantsID`, `workshopID`, `orderID`, `payed`) VALUES ('28','446','39','104','0');
INSERT INTO `workshopMembers` (`ID`, `participantsID`, `workshopID`, `orderID`, `payed`) VALUES ('29','112','37','191','0');
INSERT INTO `workshopMembers` (`ID`, `participantsID`, `workshopID`, `orderID`, `payed`) VALUES ('30','134','55','115','0');
INSERT INTO `workshopMembers` (`ID`, `participantsID`, `workshopID`, `orderID`, `payed`) VALUES ('31','410','53','27','0');
INSERT INTO `workshopMembers` (`ID`, `participantsID`, `workshopID`, `orderID`, `payed`) VALUES ('32','268','48','58','0');
INSERT INTO `workshopMembers` (`ID`, `participantsID`, `workshopID`, `orderID`, `payed`) VALUES ('33','279','1','40','0');
INSERT INTO `workshopMembers` (`ID`, `participantsID`, `workshopID`, `orderID`, `payed`) VALUES ('34','123','50','197','0');
INSERT INTO `workshopMembers` (`ID`, `participantsID`, `workshopID`, `orderID`, `payed`) VALUES ('35','251','41','139','0');
INSERT INTO `workshopMembers` (`ID`, `participantsID`, `workshopID`, `orderID`, `payed`) VALUES ('36','420','17','67','0');
INSERT INTO `workshopMembers` (`ID`, `participantsID`, `workshopID`, `orderID`, `payed`) VALUES ('37','265','26','125','0');
INSERT INTO `workshopMembers` (`ID`, `participantsID`, `workshopID`, `orderID`, `payed`) VALUES ('38','243','33','68','0');
INSERT INTO `workshopMembers` (`ID`, `participantsID`, `workshopID`, `orderID`, `payed`) VALUES ('39','369','55','148','0');
INSERT INTO `workshopMembers` (`ID`, `participantsID`, `workshopID`, `orderID`, `payed`) VALUES ('40','335','40','17','0');
INSERT INTO `workshopMembers` (`ID`, `participantsID`, `workshopID`, `orderID`, `payed`) VALUES ('41','118','35','199','0');
INSERT INTO `workshopMembers` (`ID`, `participantsID`, `workshopID`, `orderID`, `payed`) VALUES ('42','318','55','175','0');
INSERT INTO `workshopMembers` (`ID`, `participantsID`, `workshopID`, `orderID`, `payed`) VALUES ('43','500','49','120','0');
INSERT INTO `workshopMembers` (`ID`, `participantsID`, `workshopID`, `orderID`, `payed`) VALUES ('44','279','11','109','0');
INSERT INTO `workshopMembers` (`ID`, `participantsID`, `workshopID`, `orderID`, `payed`) VALUES ('45','385','37','149','0');
INSERT INTO `workshopMembers` (`ID`, `participantsID`, `workshopID`, `orderID`, `payed`) VALUES ('46','316','53','51','0');
INSERT INTO `workshopMembers` (`ID`, `participantsID`, `workshopID`, `orderID`, `payed`) VALUES ('47','448','38','106','0');
INSERT INTO `workshopMembers` (`ID`, `participantsID`, `workshopID`, `orderID`, `payed`) VALUES ('48','381','55','91','0');
INSERT INTO `workshopMembers` (`ID`, `participantsID`, `workshopID`, `orderID`, `payed`) VALUES ('49','128','35','94','0');
INSERT INTO `workshopMembers` (`ID`, `participantsID`, `workshopID`, `orderID`, `payed`) VALUES ('50','6','8','36','0');
INSERT INTO `workshopMembers` (`ID`, `participantsID`, `workshopID`, `orderID`, `payed`) VALUES ('51','267','54','157','0');
INSERT INTO `workshopMembers` (`ID`, `participantsID`, `workshopID`, `orderID`, `payed`) VALUES ('52','300','38','68','0');
INSERT INTO `workshopMembers` (`ID`, `participantsID`, `workshopID`, `orderID`, `payed`) VALUES ('53','72','49','182','0');
INSERT INTO `workshopMembers` (`ID`, `participantsID`, `workshopID`, `orderID`, `payed`) VALUES ('54','435','30','144','0');
INSERT INTO `workshopMembers` (`ID`, `participantsID`, `workshopID`, `orderID`, `payed`) VALUES ('55','84','53','182','0');
INSERT INTO `workshopMembers` (`ID`, `participantsID`, `workshopID`, `orderID`, `payed`) VALUES ('56','95','18','18','0');
INSERT INTO `workshopMembers` (`ID`, `participantsID`, `workshopID`, `orderID`, `payed`) VALUES ('57','314','48','90','0');
INSERT INTO `workshopMembers` (`ID`, `participantsID`, `workshopID`, `orderID`, `payed`) VALUES ('58','416','34','54','0');
INSERT INTO `workshopMembers` (`ID`, `participantsID`, `workshopID`, `orderID`, `payed`) VALUES ('59','136','50','55','0');
INSERT INTO `workshopMembers` (`ID`, `participantsID`, `workshopID`, `orderID`, `payed`) VALUES ('60','80','30','76','0');
INSERT INTO `workshopMembers` (`ID`, `participantsID`, `workshopID`, `orderID`, `payed`) VALUES ('61','12','41','129','0');
INSERT INTO `workshopMembers` (`ID`, `participantsID`, `workshopID`, `orderID`, `payed`) VALUES ('62','133','48','150','0');
INSERT INTO `workshopMembers` (`ID`, `participantsID`, `workshopID`, `orderID`, `payed`) VALUES ('63','286','56','145','0');
INSERT INTO `workshopMembers` (`ID`, `participantsID`, `workshopID`, `orderID`, `payed`) VALUES ('64','394','13','148','0');
INSERT INTO `workshopMembers` (`ID`, `participantsID`, `workshopID`, `orderID`, `payed`) VALUES ('65','185','45','13','0');
INSERT INTO `workshopMembers` (`ID`, `participantsID`, `workshopID`, `orderID`, `payed`) VALUES ('66','226','38','188','0');
INSERT INTO `workshopMembers` (`ID`, `participantsID`, `workshopID`, `orderID`, `payed`) VALUES ('67','190','11','73','0');
INSERT INTO `workshopMembers` (`ID`, `participantsID`, `workshopID`, `orderID`, `payed`) VALUES ('68','173','55','182','0');
INSERT INTO `workshopMembers` (`ID`, `participantsID`, `workshopID`, `orderID`, `payed`) VALUES ('69','217','42','53','0');
INSERT INTO `workshopMembers` (`ID`, `participantsID`, `workshopID`, `orderID`, `payed`) VALUES ('70','59','16','111','0');
INSERT INTO `workshopMembers` (`ID`, `participantsID`, `workshopID`, `orderID`, `payed`) VALUES ('71','359','17','192','0');
INSERT INTO `workshopMembers` (`ID`, `participantsID`, `workshopID`, `orderID`, `payed`) VALUES ('72','153','2','173','0');
INSERT INTO `workshopMembers` (`ID`, `participantsID`, `workshopID`, `orderID`, `payed`) VALUES ('73','126','43','130','0');
INSERT INTO `workshopMembers` (`ID`, `participantsID`, `workshopID`, `orderID`, `payed`) VALUES ('74','8','13','34','0');
INSERT INTO `workshopMembers` (`ID`, `participantsID`, `workshopID`, `orderID`, `payed`) VALUES ('75','375','52','146','0');
INSERT INTO `workshopMembers` (`ID`, `participantsID`, `workshopID`, `orderID`, `payed`) VALUES ('76','1','5','86','0');
INSERT INTO `workshopMembers` (`ID`, `participantsID`, `workshopID`, `orderID`, `payed`) VALUES ('77','401','47','172','0');
INSERT INTO `workshopMembers` (`ID`, `participantsID`, `workshopID`, `orderID`, `payed`) VALUES ('78','82','7','81','0');
INSERT INTO `workshopMembers` (`ID`, `participantsID`, `workshopID`, `orderID`, `payed`) VALUES ('79','483','57','75','0');
INSERT INTO `workshopMembers` (`ID`, `participantsID`, `workshopID`, `orderID`, `payed`) VALUES ('80','386','40','35','0');
INSERT INTO `workshopMembers` (`ID`, `participantsID`, `workshopID`, `orderID`, `payed`) VALUES ('81','330','54','150','0');
INSERT INTO `workshopMembers` (`ID`, `participantsID`, `workshopID`, `orderID`, `payed`) VALUES ('82','275','40','117','0');
INSERT INTO `workshopMembers` (`ID`, `participantsID`, `workshopID`, `orderID`, `payed`) VALUES ('83','412','5','128','0');
INSERT INTO `workshopMembers` (`ID`, `participantsID`, `workshopID`, `orderID`, `payed`) VALUES ('84','43','22','89','0');
INSERT INTO `workshopMembers` (`ID`, `participantsID`, `workshopID`, `orderID`, `payed`) VALUES ('85','308','19','103','0');
INSERT INTO `workshopMembers` (`ID`, `participantsID`, `workshopID`, `orderID`, `payed`) VALUES ('86','188','26','187','0');
INSERT INTO `workshopMembers` (`ID`, `participantsID`, `workshopID`, `orderID`, `payed`) VALUES ('87','427','46','109','0');
INSERT INTO `workshopMembers` (`ID`, `participantsID`, `workshopID`, `orderID`, `payed`) VALUES ('88','296','51','192','0');
INSERT INTO `workshopMembers` (`ID`, `participantsID`, `workshopID`, `orderID`, `payed`) VALUES ('89','229','42','69','0');
INSERT INTO `workshopMembers` (`ID`, `participantsID`, `workshopID`, `orderID`, `payed`) VALUES ('90','203','17','50','0');
INSERT INTO `workshopMembers` (`ID`, `participantsID`, `workshopID`, `orderID`, `payed`) VALUES ('91','331','58','34','0');
INSERT INTO `workshopMembers` (`ID`, `participantsID`, `workshopID`, `orderID`, `payed`) VALUES ('92','352','38','45','0');
INSERT INTO `workshopMembers` (`ID`, `participantsID`, `workshopID`, `orderID`, `payed`) VALUES ('93','309','36','23','0');
INSERT INTO `workshopMembers` (`ID`, `participantsID`, `workshopID`, `orderID`, `payed`) VALUES ('94','416','34','16','0');
INSERT INTO `workshopMembers` (`ID`, `participantsID`, `workshopID`, `orderID`, `payed`) VALUES ('95','355','13','113','0');
INSERT INTO `workshopMembers` (`ID`, `participantsID`, `workshopID`, `orderID`, `payed`) VALUES ('96','440','17','115','0');
INSERT INTO `workshopMembers` (`ID`, `participantsID`, `workshopID`, `orderID`, `payed`) VALUES ('97','277','20','62','0');
INSERT INTO `workshopMembers` (`ID`, `participantsID`, `workshopID`, `orderID`, `payed`) VALUES ('98','292','10','155','0');
INSERT INTO `workshopMembers` (`ID`, `participantsID`, `workshopID`, `orderID`, `payed`) VALUES ('99','73','53','174','0');
INSERT INTO `workshopMembers` (`ID`, `participantsID`, `workshopID`, `orderID`, `payed`) VALUES ('100','430','23','18','0');
INSERT INTO `workshopMembers` (`ID`, `participantsID`, `workshopID`, `orderID`, `payed`) VALUES ('101','364','44','5','0');
INSERT INTO `workshopMembers` (`ID`, `participantsID`, `workshopID`, `orderID`, `payed`) VALUES ('102','242','38','99','0');
INSERT INTO `workshopMembers` (`ID`, `participantsID`, `workshopID`, `orderID`, `payed`) VALUES ('103','413','33','150','0');
INSERT INTO `workshopMembers` (`ID`, `participantsID`, `workshopID`, `orderID`, `payed`) VALUES ('104','338','47','168','0');
INSERT INTO `workshopMembers` (`ID`, `participantsID`, `workshopID`, `orderID`, `payed`) VALUES ('105','277','43','171','0');
INSERT INTO `workshopMembers` (`ID`, `participantsID`, `workshopID`, `orderID`, `payed`) VALUES ('106','331','29','91','0');
INSERT INTO `workshopMembers` (`ID`, `participantsID`, `workshopID`, `orderID`, `payed`) VALUES ('107','241','43','33','0');
INSERT INTO `workshopMembers` (`ID`, `participantsID`, `workshopID`, `orderID`, `payed`) VALUES ('108','34','44','175','0');
INSERT INTO `workshopMembers` (`ID`, `participantsID`, `workshopID`, `orderID`, `payed`) VALUES ('109','336','48','109','0');
INSERT INTO `workshopMembers` (`ID`, `participantsID`, `workshopID`, `orderID`, `payed`) VALUES ('110','82','35','200','0');
INSERT INTO `workshopMembers` (`ID`, `participantsID`, `workshopID`, `orderID`, `payed`) VALUES ('111','457','43','76','0');
INSERT INTO `workshopMembers` (`ID`, `participantsID`, `workshopID`, `orderID`, `payed`) VALUES ('112','334','49','26','0');
INSERT INTO `workshopMembers` (`ID`, `participantsID`, `workshopID`, `orderID`, `payed`) VALUES ('113','160','52','94','0');
INSERT INTO `workshopMembers` (`ID`, `participantsID`, `workshopID`, `orderID`, `payed`) VALUES ('114','453','7','66','0');
INSERT INTO `workshopMembers` (`ID`, `participantsID`, `workshopID`, `orderID`, `payed`) VALUES ('115','155','6','23','0');
INSERT INTO `workshopMembers` (`ID`, `participantsID`, `workshopID`, `orderID`, `payed`) VALUES ('116','396','2','96','0');
INSERT INTO `workshopMembers` (`ID`, `participantsID`, `workshopID`, `orderID`, `payed`) VALUES ('117','471','10','159','0');
INSERT INTO `workshopMembers` (`ID`, `participantsID`, `workshopID`, `orderID`, `payed`) VALUES ('118','155','6','64','0');
INSERT INTO `workshopMembers` (`ID`, `participantsID`, `workshopID`, `orderID`, `payed`) VALUES ('119','203','22','47','0');
INSERT INTO `workshopMembers` (`ID`, `participantsID`, `workshopID`, `orderID`, `payed`) VALUES ('120','487','27','99','0');
INSERT INTO `workshopMembers` (`ID`, `participantsID`, `workshopID`, `orderID`, `payed`) VALUES ('121','142','2','44','0');
INSERT INTO `workshopMembers` (`ID`, `participantsID`, `workshopID`, `orderID`, `payed`) VALUES ('122','468','13','107','0');
INSERT INTO `workshopMembers` (`ID`, `participantsID`, `workshopID`, `orderID`, `payed`) VALUES ('123','327','18','72','0');
INSERT INTO `workshopMembers` (`ID`, `participantsID`, `workshopID`, `orderID`, `payed`) VALUES ('124','217','8','53','0');
INSERT INTO `workshopMembers` (`ID`, `participantsID`, `workshopID`, `orderID`, `payed`) VALUES ('125','156','26','66','0');
INSERT INTO `workshopMembers` (`ID`, `participantsID`, `workshopID`, `orderID`, `payed`) VALUES ('126','411','6','148','0');
INSERT INTO `workshopMembers` (`ID`, `participantsID`, `workshopID`, `orderID`, `payed`) VALUES ('127','221','35','183','0');
INSERT INTO `workshopMembers` (`ID`, `participantsID`, `workshopID`, `orderID`, `payed`) VALUES ('128','487','30','95','0');
INSERT INTO `workshopMembers` (`ID`, `participantsID`, `workshopID`, `orderID`, `payed`) VALUES ('129','87','16','121','0');
INSERT INTO `workshopMembers` (`ID`, `participantsID`, `workshopID`, `orderID`, `payed`) VALUES ('130','464','52','111','0');
INSERT INTO `workshopMembers` (`ID`, `participantsID`, `workshopID`, `orderID`, `payed`) VALUES ('131','165','43','93','0');
INSERT INTO `workshopMembers` (`ID`, `participantsID`, `workshopID`, `orderID`, `payed`) VALUES ('132','81','45','130','0');
INSERT INTO `workshopMembers` (`ID`, `participantsID`, `workshopID`, `orderID`, `payed`) VALUES ('133','474','29','52','0');
INSERT INTO `workshopMembers` (`ID`, `participantsID`, `workshopID`, `orderID`, `payed`) VALUES ('134','340','36','23','0');
INSERT INTO `workshopMembers` (`ID`, `participantsID`, `workshopID`, `orderID`, `payed`) VALUES ('135','151','33','112','0');
INSERT INTO `workshopMembers` (`ID`, `participantsID`, `workshopID`, `orderID`, `payed`) VALUES ('136','293','36','61','0');
INSERT INTO `workshopMembers` (`ID`, `participantsID`, `workshopID`, `orderID`, `payed`) VALUES ('137','61','27','191','0');
INSERT INTO `workshopMembers` (`ID`, `participantsID`, `workshopID`, `orderID`, `payed`) VALUES ('138','288','7','41','0');
INSERT INTO `workshopMembers` (`ID`, `participantsID`, `workshopID`, `orderID`, `payed`) VALUES ('139','338','22','17','0');
INSERT INTO `workshopMembers` (`ID`, `participantsID`, `workshopID`, `orderID`, `payed`) VALUES ('140','443','6','176','0');
INSERT INTO `workshopMembers` (`ID`, `participantsID`, `workshopID`, `orderID`, `payed`) VALUES ('141','296','43','126','0');
INSERT INTO `workshopMembers` (`ID`, `participantsID`, `workshopID`, `orderID`, `payed`) VALUES ('142','125','5','170','0');
INSERT INTO `workshopMembers` (`ID`, `participantsID`, `workshopID`, `orderID`, `payed`) VALUES ('143','6','19','121','0');
INSERT INTO `workshopMembers` (`ID`, `participantsID`, `workshopID`, `orderID`, `payed`) VALUES ('144','305','4','116','0');
INSERT INTO `workshopMembers` (`ID`, `participantsID`, `workshopID`, `orderID`, `payed`) VALUES ('145','172','19','6','0');
INSERT INTO `workshopMembers` (`ID`, `participantsID`, `workshopID`, `orderID`, `payed`) VALUES ('146','480','11','161','0');
INSERT INTO `workshopMembers` (`ID`, `participantsID`, `workshopID`, `orderID`, `payed`) VALUES ('147','328','37','113','0');
INSERT INTO `workshopMembers` (`ID`, `participantsID`, `workshopID`, `orderID`, `payed`) VALUES ('148','44','40','108','0');
INSERT INTO `workshopMembers` (`ID`, `participantsID`, `workshopID`, `orderID`, `payed`) VALUES ('149','132','36','187','0');
INSERT INTO `workshopMembers` (`ID`, `participantsID`, `workshopID`, `orderID`, `payed`) VALUES ('150','299','45','24','0');
INSERT INTO `workshopMembers` (`ID`, `participantsID`, `workshopID`, `orderID`, `payed`) VALUES ('160','91','56','194','0');
INSERT INTO `workshopMembers` (`ID`, `participantsID`, `workshopID`, `orderID`, `payed`) VALUES ('170','423','42','128','0');
INSERT INTO `workshopMembers` (`ID`, `participantsID`, `workshopID`, `orderID`, `payed`) VALUES ('180','447','34','22','0');
INSERT INTO `workshopMembers` (`ID`, `participantsID`, `workshopID`, `orderID`, `payed`) VALUES ('181','450','27','97','0');
INSERT INTO `workshopMembers` (`ID`, `participantsID`, `workshopID`, `orderID`, `payed`) VALUES ('182','400','13','19','0');
INSERT INTO `workshopMembers` (`ID`, `participantsID`, `workshopID`, `orderID`, `payed`) VALUES ('183','244','47','113','0');
INSERT INTO `workshopMembers` (`ID`, `participantsID`, `workshopID`, `orderID`, `payed`) VALUES ('184','400','53','53','0');
INSERT INTO `workshopMembers` (`ID`, `participantsID`, `workshopID`, `orderID`, `payed`) VALUES ('185','141','29','2','0');
INSERT INTO `workshopMembers` (`ID`, `participantsID`, `workshopID`, `orderID`, `payed`) VALUES ('186','52','14','51','0');



-- TABELA ZAMÓWIEŃ
drop table if exists `orders`;
create table `orders` (
	`ID` int(11) UNSIGNED AUTO_INCREMENT PRIMARY KEY,
    `orderDate` datetime NOT NULL,
    `expireDate` datetime NOT NULL,
    `paymentDate` datetime,
    `value` decimal(10, 2) NOT NULL,
    `clientID` int(11) UNSIGNED,
    KEY `clientID` (`clientID`),
    CONSTRAINT `client_orders_ibfk` FOREIGN KEY (`clientID`) REFERENCES `clients` (`ID`)
    );
    INSERT INTO `orders` (`ID`,`orderDate`,`expireDate`,`paymentDate`,`value`,`clientID`) VALUES ('1','2019-03-04','0','2019-06-04','0','31');
INSERT INTO `orders` (`ID`,`orderDate`,`expireDate`,`paymentDate`,`value`,`clientID`) VALUES ('2','2019-03-04','0','2020-01-24','0','36');
INSERT INTO `orders` (`ID`,`orderDate`,`expireDate`,`paymentDate`,`value`,`clientID`) VALUES ('3','2019-03-05','0','2019-05-08','0','65');
INSERT INTO `orders` (`ID`,`orderDate`,`expireDate`,`paymentDate`,`value`,`clientID`) VALUES ('4','2019-03-05','0','2019-04-11','0','4');
INSERT INTO `orders` (`ID`,`orderDate`,`expireDate`,`paymentDate`,`value`,`clientID`) VALUES ('5','2019-03-05','0','2019-09-08','0','46');
INSERT INTO `orders` (`ID`,`orderDate`,`expireDate`,`paymentDate`,`value`,`clientID`) VALUES ('6','2019-03-05','0','2019-06-18','0','47');
INSERT INTO `orders` (`ID`,`orderDate`,`expireDate`,`paymentDate`,`value`,`clientID`) VALUES ('7','2019-03-04','0','2020-01-24','0','40');
INSERT INTO `orders` (`ID`,`orderDate`,`expireDate`,`paymentDate`,`value`,`clientID`) VALUES ('8','2019-03-05','0','2020-02-19','0','78');
INSERT INTO `orders` (`ID`,`orderDate`,`expireDate`,`paymentDate`,`value`,`clientID`) VALUES ('9','2019-03-04','0','2019-09-30','0','2');
INSERT INTO `orders` (`ID`,`orderDate`,`expireDate`,`paymentDate`,`value`,`clientID`) VALUES ('10','2019-03-03','0','2019-12-09','0','60');
INSERT INTO `orders` (`ID`,`orderDate`,`expireDate`,`paymentDate`,`value`,`clientID`) VALUES ('11','2019-03-04','0','2019-06-03','0','98');
INSERT INTO `orders` (`ID`,`orderDate`,`expireDate`,`paymentDate`,`value`,`clientID`) VALUES ('12','2019-03-04','0','2020-01-12','0','83');
INSERT INTO `orders` (`ID`,`orderDate`,`expireDate`,`paymentDate`,`value`,`clientID`) VALUES ('13','2019-03-03','0','2019-09-21','0','21');
INSERT INTO `orders` (`ID`,`orderDate`,`expireDate`,`paymentDate`,`value`,`clientID`) VALUES ('14','2019-03-05','0','2020-01-27','0','19');
INSERT INTO `orders` (`ID`,`orderDate`,`expireDate`,`paymentDate`,`value`,`clientID`) VALUES ('15','2019-03-03','0','2019-10-27','0','3');
INSERT INTO `orders` (`ID`,`orderDate`,`expireDate`,`paymentDate`,`value`,`clientID`) VALUES ('16','2019-03-04','0','2019-10-05','0','81');
INSERT INTO `orders` (`ID`,`orderDate`,`expireDate`,`paymentDate`,`value`,`clientID`) VALUES ('17','2019-03-05','0','2019-11-10','0','11');
INSERT INTO `orders` (`ID`,`orderDate`,`expireDate`,`paymentDate`,`value`,`clientID`) VALUES ('18','2019-03-05','0','2019-11-13','0','82');
INSERT INTO `orders` (`ID`,`orderDate`,`expireDate`,`paymentDate`,`value`,`clientID`) VALUES ('19','2019-03-03','0','2019-04-21','0','79');
INSERT INTO `orders` (`ID`,`orderDate`,`expireDate`,`paymentDate`,`value`,`clientID`) VALUES ('20','2019-03-05','0','2019-10-26','0','29');
INSERT INTO `orders` (`ID`,`orderDate`,`expireDate`,`paymentDate`,`value`,`clientID`) VALUES ('21','2019-03-04','0','2019-04-21','0','69');
INSERT INTO `orders` (`ID`,`orderDate`,`expireDate`,`paymentDate`,`value`,`clientID`) VALUES ('22','2019-03-04','0','2020-02-05','0','80');
INSERT INTO `orders` (`ID`,`orderDate`,`expireDate`,`paymentDate`,`value`,`clientID`) VALUES ('23','2019-03-04','0','2020-01-23','0','23');
INSERT INTO `orders` (`ID`,`orderDate`,`expireDate`,`paymentDate`,`value`,`clientID`) VALUES ('24','2019-03-05','0','2019-05-05','0','78');
INSERT INTO `orders` (`ID`,`orderDate`,`expireDate`,`paymentDate`,`value`,`clientID`) VALUES ('25','2019-03-05','0','2019-06-18','0','99');
INSERT INTO `orders` (`ID`,`orderDate`,`expireDate`,`paymentDate`,`value`,`clientID`) VALUES ('26','2019-03-03','0','2019-07-08','0','93');
INSERT INTO `orders` (`ID`,`orderDate`,`expireDate`,`paymentDate`,`value`,`clientID`) VALUES ('27','2019-03-04','0','2019-08-22','0','100');
INSERT INTO `orders` (`ID`,`orderDate`,`expireDate`,`paymentDate`,`value`,`clientID`) VALUES ('28','2019-03-04','0','2019-04-20','0','82');
INSERT INTO `orders` (`ID`,`orderDate`,`expireDate`,`paymentDate`,`value`,`clientID`) VALUES ('29','2019-03-03','0','2019-10-02','0','93');
INSERT INTO `orders` (`ID`,`orderDate`,`expireDate`,`paymentDate`,`value`,`clientID`) VALUES ('30','2019-03-03','0','2019-08-29','0','89');
INSERT INTO `orders` (`ID`,`orderDate`,`expireDate`,`paymentDate`,`value`,`clientID`) VALUES ('31','2019-03-04','0','2019-09-25','0','10');
INSERT INTO `orders` (`ID`,`orderDate`,`expireDate`,`paymentDate`,`value`,`clientID`) VALUES ('32','2019-03-05','0','2019-12-30','0','87');
INSERT INTO `orders` (`ID`,`orderDate`,`expireDate`,`paymentDate`,`value`,`clientID`) VALUES ('33','2019-03-03','0','2020-02-27','0','55');
INSERT INTO `orders` (`ID`,`orderDate`,`expireDate`,`paymentDate`,`value`,`clientID`) VALUES ('34','2019-03-04','0','2019-06-09','0','78');
INSERT INTO `orders` (`ID`,`orderDate`,`expireDate`,`paymentDate`,`value`,`clientID`) VALUES ('35','2019-03-03','0','2019-09-14','0','60');
INSERT INTO `orders` (`ID`,`orderDate`,`expireDate`,`paymentDate`,`value`,`clientID`) VALUES ('36','2019-03-04','0','2019-08-27','0','46');
INSERT INTO `orders` (`ID`,`orderDate`,`expireDate`,`paymentDate`,`value`,`clientID`) VALUES ('37','2019-03-04','0','2020-03-02','0','82');
INSERT INTO `orders` (`ID`,`orderDate`,`expireDate`,`paymentDate`,`value`,`clientID`) VALUES ('38','2019-03-03','0','2019-10-28','0','8');
INSERT INTO `orders` (`ID`,`orderDate`,`expireDate`,`paymentDate`,`value`,`clientID`) VALUES ('39','2019-03-04','0','2019-08-10','0','1');
INSERT INTO `orders` (`ID`,`orderDate`,`expireDate`,`paymentDate`,`value`,`clientID`) VALUES ('40','2019-03-03','0','2020-01-30','0','63');
INSERT INTO `orders` (`ID`,`orderDate`,`expireDate`,`paymentDate`,`value`,`clientID`) VALUES ('41','2019-03-05','0','2019-07-20','0','53');
INSERT INTO `orders` (`ID`,`orderDate`,`expireDate`,`paymentDate`,`value`,`clientID`) VALUES ('42','2019-03-05','0','2019-04-10','0','69');
INSERT INTO `orders` (`ID`,`orderDate`,`expireDate`,`paymentDate`,`value`,`clientID`) VALUES ('43','2019-03-05','0','2019-11-26','0','93');
INSERT INTO `orders` (`ID`,`orderDate`,`expireDate`,`paymentDate`,`value`,`clientID`) VALUES ('44','2019-03-03','0','2019-08-02','0','46');
INSERT INTO `orders` (`ID`,`orderDate`,`expireDate`,`paymentDate`,`value`,`clientID`) VALUES ('45','2019-03-04','0','2019-11-03','0','45');
INSERT INTO `orders` (`ID`,`orderDate`,`expireDate`,`paymentDate`,`value`,`clientID`) VALUES ('46','2019-03-03','0','2020-02-25','0','93');
INSERT INTO `orders` (`ID`,`orderDate`,`expireDate`,`paymentDate`,`value`,`clientID`) VALUES ('47','2019-03-03','0','2019-10-01','0','71');
INSERT INTO `orders` (`ID`,`orderDate`,`expireDate`,`paymentDate`,`value`,`clientID`) VALUES ('48','2019-03-05','0','2019-12-20','0','89');
INSERT INTO `orders` (`ID`,`orderDate`,`expireDate`,`paymentDate`,`value`,`clientID`) VALUES ('49','2019-03-05','0','2019-10-02','0','28');
INSERT INTO `orders` (`ID`,`orderDate`,`expireDate`,`paymentDate`,`value`,`clientID`) VALUES ('50','2019-03-05','0','2019-06-17','0','67');
INSERT INTO `orders` (`ID`,`orderDate`,`expireDate`,`paymentDate`,`value`,`clientID`) VALUES ('51','2019-03-04','0','2019-09-22','0','35');
INSERT INTO `orders` (`ID`,`orderDate`,`expireDate`,`paymentDate`,`value`,`clientID`) VALUES ('52','2019-03-04','0','2019-05-20','0','99');
INSERT INTO `orders` (`ID`,`orderDate`,`expireDate`,`paymentDate`,`value`,`clientID`) VALUES ('53','2019-03-04','0','2019-09-19','0','38');
INSERT INTO `orders` (`ID`,`orderDate`,`expireDate`,`paymentDate`,`value`,`clientID`) VALUES ('54','2019-03-05','0','2019-12-08','0','76');
INSERT INTO `orders` (`ID`,`orderDate`,`expireDate`,`paymentDate`,`value`,`clientID`) VALUES ('55','2019-03-04','0','2019-05-25','0','90');
INSERT INTO `orders` (`ID`,`orderDate`,`expireDate`,`paymentDate`,`value`,`clientID`) VALUES ('56','2019-03-03','0','2019-12-23','0','79');
INSERT INTO `orders` (`ID`,`orderDate`,`expireDate`,`paymentDate`,`value`,`clientID`) VALUES ('57','2019-03-04','0','2019-10-04','0','36');
INSERT INTO `orders` (`ID`,`orderDate`,`expireDate`,`paymentDate`,`value`,`clientID`) VALUES ('58','2019-03-04','0','2019-07-16','0','60');
INSERT INTO `orders` (`ID`,`orderDate`,`expireDate`,`paymentDate`,`value`,`clientID`) VALUES ('59','2019-03-04','0','2019-11-14','0','33');
INSERT INTO `orders` (`ID`,`orderDate`,`expireDate`,`paymentDate`,`value`,`clientID`) VALUES ('60','2019-03-03','0','2019-10-10','0','48');
INSERT INTO `orders` (`ID`,`orderDate`,`expireDate`,`paymentDate`,`value`,`clientID`) VALUES ('61','2019-03-04','0','2020-02-26','0','93');
INSERT INTO `orders` (`ID`,`orderDate`,`expireDate`,`paymentDate`,`value`,`clientID`) VALUES ('62','2019-03-05','0','2019-11-14','0','77');
INSERT INTO `orders` (`ID`,`orderDate`,`expireDate`,`paymentDate`,`value`,`clientID`) VALUES ('63','2019-03-03','0','2020-02-16','0','87');
INSERT INTO `orders` (`ID`,`orderDate`,`expireDate`,`paymentDate`,`value`,`clientID`) VALUES ('64','2019-03-05','0','2019-08-20','0','78');
INSERT INTO `orders` (`ID`,`orderDate`,`expireDate`,`paymentDate`,`value`,`clientID`) VALUES ('65','2019-03-03','0','2020-02-23','0','26');
INSERT INTO `orders` (`ID`,`orderDate`,`expireDate`,`paymentDate`,`value`,`clientID`) VALUES ('66','2019-03-04','0','2019-10-07','0','92');
INSERT INTO `orders` (`ID`,`orderDate`,`expireDate`,`paymentDate`,`value`,`clientID`) VALUES ('67','2019-03-03','0','2019-04-10','0','20');
INSERT INTO `orders` (`ID`,`orderDate`,`expireDate`,`paymentDate`,`value`,`clientID`) VALUES ('68','2019-03-03','0','2019-06-30','0','92');
INSERT INTO `orders` (`ID`,`orderDate`,`expireDate`,`paymentDate`,`value`,`clientID`) VALUES ('69','2019-03-05','0','2020-01-13','0','16');
INSERT INTO `orders` (`ID`,`orderDate`,`expireDate`,`paymentDate`,`value`,`clientID`) VALUES ('70','2019-03-03','0','2019-06-01','0','90');
INSERT INTO `orders` (`ID`,`orderDate`,`expireDate`,`paymentDate`,`value`,`clientID`) VALUES ('71','2019-03-05','0','2019-10-20','0','79');
INSERT INTO `orders` (`ID`,`orderDate`,`expireDate`,`paymentDate`,`value`,`clientID`) VALUES ('72','2019-03-04','0','2020-01-09','0','34');
INSERT INTO `orders` (`ID`,`orderDate`,`expireDate`,`paymentDate`,`value`,`clientID`) VALUES ('73','2019-03-05','0','2019-07-11','0','24');
INSERT INTO `orders` (`ID`,`orderDate`,`expireDate`,`paymentDate`,`value`,`clientID`) VALUES ('74','2019-03-05','0','2019-10-01','0','41');
INSERT INTO `orders` (`ID`,`orderDate`,`expireDate`,`paymentDate`,`value`,`clientID`) VALUES ('75','2019-03-05','0','2019-08-24','0','31');
INSERT INTO `orders` (`ID`,`orderDate`,`expireDate`,`paymentDate`,`value`,`clientID`) VALUES ('76','2019-03-05','0','2019-11-04','0','39');
INSERT INTO `orders` (`ID`,`orderDate`,`expireDate`,`paymentDate`,`value`,`clientID`) VALUES ('77','2019-03-05','0','2019-10-06','0','58');
INSERT INTO `orders` (`ID`,`orderDate`,`expireDate`,`paymentDate`,`value`,`clientID`) VALUES ('78','2019-03-04','0','2019-11-27','0','58');
INSERT INTO `orders` (`ID`,`orderDate`,`expireDate`,`paymentDate`,`value`,`clientID`) VALUES ('79','2019-03-04','0','2019-12-16','0','27');
INSERT INTO `orders` (`ID`,`orderDate`,`expireDate`,`paymentDate`,`value`,`clientID`) VALUES ('80','2019-03-04','0','2020-02-09','0','93');
INSERT INTO `orders` (`ID`,`orderDate`,`expireDate`,`paymentDate`,`value`,`clientID`) VALUES ('81','2019-03-03','0','2019-10-28','0','23');
INSERT INTO `orders` (`ID`,`orderDate`,`expireDate`,`paymentDate`,`value`,`clientID`) VALUES ('82','2019-03-05','0','2019-06-06','0','51');
INSERT INTO `orders` (`ID`,`orderDate`,`expireDate`,`paymentDate`,`value`,`clientID`) VALUES ('83','2019-03-04','0','2019-07-09','0','76');
INSERT INTO `orders` (`ID`,`orderDate`,`expireDate`,`paymentDate`,`value`,`clientID`) VALUES ('84','2019-03-04','0','2020-01-09','0','36');
INSERT INTO `orders` (`ID`,`orderDate`,`expireDate`,`paymentDate`,`value`,`clientID`) VALUES ('85','2019-03-05','0','2020-02-28','0','5');
INSERT INTO `orders` (`ID`,`orderDate`,`expireDate`,`paymentDate`,`value`,`clientID`) VALUES ('86','2019-03-03','0','2019-11-09','0','75');
INSERT INTO `orders` (`ID`,`orderDate`,`expireDate`,`paymentDate`,`value`,`clientID`) VALUES ('87','2019-03-03','0','2019-05-06','0','24');
INSERT INTO `orders` (`ID`,`orderDate`,`expireDate`,`paymentDate`,`value`,`clientID`) VALUES ('88','2019-03-03','0','2019-11-22','0','86');
INSERT INTO `orders` (`ID`,`orderDate`,`expireDate`,`paymentDate`,`value`,`clientID`) VALUES ('89','2019-03-05','0','2019-04-29','0','22');
INSERT INTO `orders` (`ID`,`orderDate`,`expireDate`,`paymentDate`,`value`,`clientID`) VALUES ('90','2019-03-04','0','2019-07-04','0','64');
INSERT INTO `orders` (`ID`,`orderDate`,`expireDate`,`paymentDate`,`value`,`clientID`) VALUES ('91','2019-03-03','0','2019-04-20','0','59');
INSERT INTO `orders` (`ID`,`orderDate`,`expireDate`,`paymentDate`,`value`,`clientID`) VALUES ('92','2019-03-04','0','2019-11-08','0','100');
INSERT INTO `orders` (`ID`,`orderDate`,`expireDate`,`paymentDate`,`value`,`clientID`) VALUES ('93','2019-03-03','0','2019-08-22','0','64');
INSERT INTO `orders` (`ID`,`orderDate`,`expireDate`,`paymentDate`,`value`,`clientID`) VALUES ('94','2019-03-03','0','2020-02-18','0','37');
INSERT INTO `orders` (`ID`,`orderDate`,`expireDate`,`paymentDate`,`value`,`clientID`) VALUES ('95','2019-03-05','0','2020-01-21','0','96');
INSERT INTO `orders` (`ID`,`orderDate`,`expireDate`,`paymentDate`,`value`,`clientID`) VALUES ('96','2019-03-03','0','2019-08-10','0','67');
INSERT INTO `orders` (`ID`,`orderDate`,`expireDate`,`paymentDate`,`value`,`clientID`) VALUES ('97','2019-03-05','0','2020-01-09','0','40');
INSERT INTO `orders` (`ID`,`orderDate`,`expireDate`,`paymentDate`,`value`,`clientID`) VALUES ('98','2019-03-03','0','2020-01-24','0','37');
INSERT INTO `orders` (`ID`,`orderDate`,`expireDate`,`paymentDate`,`value`,`clientID`) VALUES ('99','2019-03-04','0','2019-10-19','0','48');
INSERT INTO `orders` (`ID`,`orderDate`,`expireDate`,`paymentDate`,`value`,`clientID`) VALUES ('100','2019-03-04','0','2019-07-13','0','88');
INSERT INTO `orders` (`ID`,`orderDate`,`expireDate`,`paymentDate`,`value`,`clientID`) VALUES ('101','2019-03-03','0','2019-05-01','0','48');
INSERT INTO `orders` (`ID`,`orderDate`,`expireDate`,`paymentDate`,`value`,`clientID`) VALUES ('102','2019-03-04','0','2019-08-19','0','6');
INSERT INTO `orders` (`ID`,`orderDate`,`expireDate`,`paymentDate`,`value`,`clientID`) VALUES ('103','2019-03-03','0','2019-11-22','0','95');
INSERT INTO `orders` (`ID`,`orderDate`,`expireDate`,`paymentDate`,`value`,`clientID`) VALUES ('104','2019-03-03','0','2019-08-14','0','38');
INSERT INTO `orders` (`ID`,`orderDate`,`expireDate`,`paymentDate`,`value`,`clientID`) VALUES ('105','2019-03-04','0','2019-05-08','0','76');
INSERT INTO `orders` (`ID`,`orderDate`,`expireDate`,`paymentDate`,`value`,`clientID`) VALUES ('106','2019-03-05','0','2020-02-14','0','39');
INSERT INTO `orders` (`ID`,`orderDate`,`expireDate`,`paymentDate`,`value`,`clientID`) VALUES ('107','2019-03-03','0','2019-11-28','0','66');
INSERT INTO `orders` (`ID`,`orderDate`,`expireDate`,`paymentDate`,`value`,`clientID`) VALUES ('108','2019-03-04','0','2020-02-19','0','14');
INSERT INTO `orders` (`ID`,`orderDate`,`expireDate`,`paymentDate`,`value`,`clientID`) VALUES ('109','2019-03-05','0','2020-01-02','0','41');
INSERT INTO `orders` (`ID`,`orderDate`,`expireDate`,`paymentDate`,`value`,`clientID`) VALUES ('110','2019-03-04','0','2020-02-22','0','73');
INSERT INTO `orders` (`ID`,`orderDate`,`expireDate`,`paymentDate`,`value`,`clientID`) VALUES ('111','2019-03-05','0','2019-12-07','0','2');
INSERT INTO `orders` (`ID`,`orderDate`,`expireDate`,`paymentDate`,`value`,`clientID`) VALUES ('112','2019-03-04','0','2019-05-03','0','50');
INSERT INTO `orders` (`ID`,`orderDate`,`expireDate`,`paymentDate`,`value`,`clientID`) VALUES ('113','2019-03-05','0','2019-05-19','0','68');
INSERT INTO `orders` (`ID`,`orderDate`,`expireDate`,`paymentDate`,`value`,`clientID`) VALUES ('114','2019-03-03','0','2019-09-05','0','31');
INSERT INTO `orders` (`ID`,`orderDate`,`expireDate`,`paymentDate`,`value`,`clientID`) VALUES ('115','2019-03-05','0','2020-01-24','0','76');
INSERT INTO `orders` (`ID`,`orderDate`,`expireDate`,`paymentDate`,`value`,`clientID`) VALUES ('116','2019-03-03','0','2020-02-15','0','7');
INSERT INTO `orders` (`ID`,`orderDate`,`expireDate`,`paymentDate`,`value`,`clientID`) VALUES ('117','2019-03-03','0','2019-08-22','0','98');
INSERT INTO `orders` (`ID`,`orderDate`,`expireDate`,`paymentDate`,`value`,`clientID`) VALUES ('118','2019-03-03','0','2019-09-12','0','72');
INSERT INTO `orders` (`ID`,`orderDate`,`expireDate`,`paymentDate`,`value`,`clientID`) VALUES ('119','2019-03-05','0','2019-05-27','0','16');
INSERT INTO `orders` (`ID`,`orderDate`,`expireDate`,`paymentDate`,`value`,`clientID`) VALUES ('120','2019-03-03','0','2019-07-31','0','51');
INSERT INTO `orders` (`ID`,`orderDate`,`expireDate`,`paymentDate`,`value`,`clientID`) VALUES ('121','2019-03-05','0','2020-02-26','0','41');
INSERT INTO `orders` (`ID`,`orderDate`,`expireDate`,`paymentDate`,`value`,`clientID`) VALUES ('122','2019-03-05','0','2019-05-13','0','44');
INSERT INTO `orders` (`ID`,`orderDate`,`expireDate`,`paymentDate`,`value`,`clientID`) VALUES ('123','2019-03-05','0','2019-09-16','0','61');
INSERT INTO `orders` (`ID`,`orderDate`,`expireDate`,`paymentDate`,`value`,`clientID`) VALUES ('124','2019-03-03','0','2019-08-15','0','55');
INSERT INTO `orders` (`ID`,`orderDate`,`expireDate`,`paymentDate`,`value`,`clientID`) VALUES ('125','2019-03-05','0','2019-11-30','0','62');
INSERT INTO `orders` (`ID`,`orderDate`,`expireDate`,`paymentDate`,`value`,`clientID`) VALUES ('126','2019-03-04','0','2019-07-10','0','76');
INSERT INTO `orders` (`ID`,`orderDate`,`expireDate`,`paymentDate`,`value`,`clientID`) VALUES ('127','2019-03-04','0','2019-08-13','0','65');
INSERT INTO `orders` (`ID`,`orderDate`,`expireDate`,`paymentDate`,`value`,`clientID`) VALUES ('128','2019-03-04','0','2019-05-16','0','67');
INSERT INTO `orders` (`ID`,`orderDate`,`expireDate`,`paymentDate`,`value`,`clientID`) VALUES ('129','2019-03-05','0','2019-06-14','0','20');
INSERT INTO `orders` (`ID`,`orderDate`,`expireDate`,`paymentDate`,`value`,`clientID`) VALUES ('130','2019-03-05','0','2019-10-27','0','71');
INSERT INTO `orders` (`ID`,`orderDate`,`expireDate`,`paymentDate`,`value`,`clientID`) VALUES ('131','2019-03-03','0','2020-01-08','0','8');
INSERT INTO `orders` (`ID`,`orderDate`,`expireDate`,`paymentDate`,`value`,`clientID`) VALUES ('132','2019-03-05','0','2019-08-01','0','78');
INSERT INTO `orders` (`ID`,`orderDate`,`expireDate`,`paymentDate`,`value`,`clientID`) VALUES ('133','2019-03-04','0','2019-08-03','0','87');
INSERT INTO `orders` (`ID`,`orderDate`,`expireDate`,`paymentDate`,`value`,`clientID`) VALUES ('134','2019-03-05','0','2019-11-05','0','30');
INSERT INTO `orders` (`ID`,`orderDate`,`expireDate`,`paymentDate`,`value`,`clientID`) VALUES ('135','2019-03-03','0','2019-10-18','0','43');
INSERT INTO `orders` (`ID`,`orderDate`,`expireDate`,`paymentDate`,`value`,`clientID`) VALUES ('136','2019-03-03','0','2019-09-30','0','2');
INSERT INTO `orders` (`ID`,`orderDate`,`expireDate`,`paymentDate`,`value`,`clientID`) VALUES ('137','2019-03-04','0','2019-07-14','0','46');
INSERT INTO `orders` (`ID`,`orderDate`,`expireDate`,`paymentDate`,`value`,`clientID`) VALUES ('138','2019-03-04','0','2019-04-09','0','39');
INSERT INTO `orders` (`ID`,`orderDate`,`expireDate`,`paymentDate`,`value`,`clientID`) VALUES ('139','2019-03-05','0','2019-08-29','0','95');
INSERT INTO `orders` (`ID`,`orderDate`,`expireDate`,`paymentDate`,`value`,`clientID`) VALUES ('140','2019-03-04','0','2019-09-28','0','57');
INSERT INTO `orders` (`ID`,`orderDate`,`expireDate`,`paymentDate`,`value`,`clientID`) VALUES ('141','2019-03-03','0','2019-06-23','0','95');
INSERT INTO `orders` (`ID`,`orderDate`,`expireDate`,`paymentDate`,`value`,`clientID`) VALUES ('142','2019-03-03','0','2019-08-22','0','12');
INSERT INTO `orders` (`ID`,`orderDate`,`expireDate`,`paymentDate`,`value`,`clientID`) VALUES ('143','2019-03-03','0','2019-10-18','0','57');
INSERT INTO `orders` (`ID`,`orderDate`,`expireDate`,`paymentDate`,`value`,`clientID`) VALUES ('144','2019-03-05','0','2019-10-01','0','97');
INSERT INTO `orders` (`ID`,`orderDate`,`expireDate`,`paymentDate`,`value`,`clientID`) VALUES ('145','2019-03-05','0','2019-06-09','0','62');
INSERT INTO `orders` (`ID`,`orderDate`,`expireDate`,`paymentDate`,`value`,`clientID`) VALUES ('146','2019-03-03','0','2020-01-17','0','29');
INSERT INTO `orders` (`ID`,`orderDate`,`expireDate`,`paymentDate`,`value`,`clientID`) VALUES ('147','2019-03-04','0','2019-06-08','0','4');
INSERT INTO `orders` (`ID`,`orderDate`,`expireDate`,`paymentDate`,`value`,`clientID`) VALUES ('148','2019-03-05','0','2019-09-22','0','82');
INSERT INTO `orders` (`ID`,`orderDate`,`expireDate`,`paymentDate`,`value`,`clientID`) VALUES ('149','2019-03-05','0','2020-01-06','0','37');
INSERT INTO `orders` (`ID`,`orderDate`,`expireDate`,`paymentDate`,`value`,`clientID`) VALUES ('150','2019-03-03','0','2019-09-21','0','83');
INSERT INTO `orders` (`ID`,`orderDate`,`expireDate`,`paymentDate`,`value`,`clientID`) VALUES ('151','2019-03-04','0','2020-02-09','0','70');
INSERT INTO `orders` (`ID`,`orderDate`,`expireDate`,`paymentDate`,`value`,`clientID`) VALUES ('152','2019-03-03','0','2019-09-16','0','38');
INSERT INTO `orders` (`ID`,`orderDate`,`expireDate`,`paymentDate`,`value`,`clientID`) VALUES ('153','2019-03-03','0','2019-09-01','0','31');
INSERT INTO `orders` (`ID`,`orderDate`,`expireDate`,`paymentDate`,`value`,`clientID`) VALUES ('154','2019-03-05','0','2019-09-23','0','10');
INSERT INTO `orders` (`ID`,`orderDate`,`expireDate`,`paymentDate`,`value`,`clientID`) VALUES ('155','2019-03-05','0','2020-02-24','0','29');
INSERT INTO `orders` (`ID`,`orderDate`,`expireDate`,`paymentDate`,`value`,`clientID`) VALUES ('156','2019-03-03','0','2019-11-09','0','49');
INSERT INTO `orders` (`ID`,`orderDate`,`expireDate`,`paymentDate`,`value`,`clientID`) VALUES ('157','2019-03-03','0','2019-12-17','0','45');
INSERT INTO `orders` (`ID`,`orderDate`,`expireDate`,`paymentDate`,`value`,`clientID`) VALUES ('158','2019-03-04','0','2019-11-20','0','83');
INSERT INTO `orders` (`ID`,`orderDate`,`expireDate`,`paymentDate`,`value`,`clientID`) VALUES ('159','2019-03-05','0','2020-02-24','0','28');
INSERT INTO `orders` (`ID`,`orderDate`,`expireDate`,`paymentDate`,`value`,`clientID`) VALUES ('160','2019-03-03','0','2019-11-26','0','1');
INSERT INTO `orders` (`ID`,`orderDate`,`expireDate`,`paymentDate`,`value`,`clientID`) VALUES ('161','2019-03-03','0','2019-11-25','0','72');
INSERT INTO `orders` (`ID`,`orderDate`,`expireDate`,`paymentDate`,`value`,`clientID`) VALUES ('162','2019-03-04','0','2020-01-13','0','50');
INSERT INTO `orders` (`ID`,`orderDate`,`expireDate`,`paymentDate`,`value`,`clientID`) VALUES ('163','2019-03-04','0','2019-09-30','0','11');
INSERT INTO `orders` (`ID`,`orderDate`,`expireDate`,`paymentDate`,`value`,`clientID`) VALUES ('164','2019-03-05','0','2019-06-04','0','43');
INSERT INTO `orders` (`ID`,`orderDate`,`expireDate`,`paymentDate`,`value`,`clientID`) VALUES ('165','2019-03-05','0','2020-02-18','0','75');
INSERT INTO `orders` (`ID`,`orderDate`,`expireDate`,`paymentDate`,`value`,`clientID`) VALUES ('166','2019-03-04','0','2019-11-21','0','49');
INSERT INTO `orders` (`ID`,`orderDate`,`expireDate`,`paymentDate`,`value`,`clientID`) VALUES ('167','2019-03-03','0','2019-12-04','0','68');
INSERT INTO `orders` (`ID`,`orderDate`,`expireDate`,`paymentDate`,`value`,`clientID`) VALUES ('168','2019-03-05','0','2019-10-19','0','76');
INSERT INTO `orders` (`ID`,`orderDate`,`expireDate`,`paymentDate`,`value`,`clientID`) VALUES ('169','2019-03-03','0','2019-08-09','0','12');
INSERT INTO `orders` (`ID`,`orderDate`,`expireDate`,`paymentDate`,`value`,`clientID`) VALUES ('170','2019-03-04','0','2019-05-04','0','69');
INSERT INTO `orders` (`ID`,`orderDate`,`expireDate`,`paymentDate`,`value`,`clientID`) VALUES ('171','2019-03-04','0','2019-07-19','0','5');
INSERT INTO `orders` (`ID`,`orderDate`,`expireDate`,`paymentDate`,`value`,`clientID`) VALUES ('172','2019-03-04','0','2020-02-03','0','13');
INSERT INTO `orders` (`ID`,`orderDate`,`expireDate`,`paymentDate`,`value`,`clientID`) VALUES ('173','2019-03-04','0','2019-05-28','0','6');
INSERT INTO `orders` (`ID`,`orderDate`,`expireDate`,`paymentDate`,`value`,`clientID`) VALUES ('174','2019-03-04','0','2020-02-28','0','40');
INSERT INTO `orders` (`ID`,`orderDate`,`expireDate`,`paymentDate`,`value`,`clientID`) VALUES ('175','2019-03-03','0','2019-12-09','0','12');
INSERT INTO `orders` (`ID`,`orderDate`,`expireDate`,`paymentDate`,`value`,`clientID`) VALUES ('176','2019-03-04','0','2020-01-19','0','83');
INSERT INTO `orders` (`ID`,`orderDate`,`expireDate`,`paymentDate`,`value`,`clientID`) VALUES ('177','2019-03-05','0','2019-12-13','0','82');
INSERT INTO `orders` (`ID`,`orderDate`,`expireDate`,`paymentDate`,`value`,`clientID`) VALUES ('178','2019-03-03','0','2020-01-19','0','13');
INSERT INTO `orders` (`ID`,`orderDate`,`expireDate`,`paymentDate`,`value`,`clientID`) VALUES ('179','2019-03-03','0','2020-02-15','0','56');
INSERT INTO `orders` (`ID`,`orderDate`,`expireDate`,`paymentDate`,`value`,`clientID`) VALUES ('180','2019-03-03','0','2019-05-15','0','50');
INSERT INTO `orders` (`ID`,`orderDate`,`expireDate`,`paymentDate`,`value`,`clientID`) VALUES ('181','2019-03-05','0','2020-01-08','0','76');
INSERT INTO `orders` (`ID`,`orderDate`,`expireDate`,`paymentDate`,`value`,`clientID`) VALUES ('182','2019-03-05','0','2019-09-03','0','4');
INSERT INTO `orders` (`ID`,`orderDate`,`expireDate`,`paymentDate`,`value`,`clientID`) VALUES ('183','2019-03-04','0','2019-09-21','0','71');
INSERT INTO `orders` (`ID`,`orderDate`,`expireDate`,`paymentDate`,`value`,`clientID`) VALUES ('184','2019-03-05','0','2019-08-31','0','8');
INSERT INTO `orders` (`ID`,`orderDate`,`expireDate`,`paymentDate`,`value`,`clientID`) VALUES ('185','2019-03-05','0','2019-06-25','0','25');
INSERT INTO `orders` (`ID`,`orderDate`,`expireDate`,`paymentDate`,`value`,`clientID`) VALUES ('186','2019-03-04','0','2019-05-10','0','48');
INSERT INTO `orders` (`ID`,`orderDate`,`expireDate`,`paymentDate`,`value`,`clientID`) VALUES ('187','2019-03-03','0','2019-10-24','0','27');
INSERT INTO `orders` (`ID`,`orderDate`,`expireDate`,`paymentDate`,`value`,`clientID`) VALUES ('188','2019-03-03','0','2019-10-24','0','6');
INSERT INTO `orders` (`ID`,`orderDate`,`expireDate`,`paymentDate`,`value`,`clientID`) VALUES ('189','2019-03-05','0','2020-01-31','0','68');
INSERT INTO `orders` (`ID`,`orderDate`,`expireDate`,`paymentDate`,`value`,`clientID`) VALUES ('190','2019-03-03','0','2019-09-18','0','39');
INSERT INTO `orders` (`ID`,`orderDate`,`expireDate`,`paymentDate`,`value`,`clientID`) VALUES ('191','2019-03-05','0','2019-06-01','0','22');
INSERT INTO `orders` (`ID`,`orderDate`,`expireDate`,`paymentDate`,`value`,`clientID`) VALUES ('192','2019-03-04','0','2019-10-29','0','86');
INSERT INTO `orders` (`ID`,`orderDate`,`expireDate`,`paymentDate`,`value`,`clientID`) VALUES ('193','2019-03-05','0','2019-06-16','0','82');
INSERT INTO `orders` (`ID`,`orderDate`,`expireDate`,`paymentDate`,`value`,`clientID`) VALUES ('194','2019-03-03','0','2020-02-10','0','19');
INSERT INTO `orders` (`ID`,`orderDate`,`expireDate`,`paymentDate`,`value`,`clientID`) VALUES ('195','2019-03-04','0','2019-10-27','0','40');
INSERT INTO `orders` (`ID`,`orderDate`,`expireDate`,`paymentDate`,`value`,`clientID`) VALUES ('196','2019-03-05','0','2019-06-23','0','19');
INSERT INTO `orders` (`ID`,`orderDate`,`expireDate`,`paymentDate`,`value`,`clientID`) VALUES ('197','2019-03-05','0','2019-07-10','0','4');
INSERT INTO `orders` (`ID`,`orderDate`,`expireDate`,`paymentDate`,`value`,`clientID`) VALUES ('198','2019-03-05','0','2019-11-02','0','62');
INSERT INTO `orders` (`ID`,`orderDate`,`expireDate`,`paymentDate`,`value`,`clientID`) VALUES ('199','2019-03-03','0','2019-05-30','0','71');
INSERT INTO `orders` (`ID`,`orderDate`,`expireDate`,`paymentDate`,`value`,`clientID`) VALUES ('200','2019-03-04','0','2019-11-18','0','39'); 
    
-- TABELA PŁATNOŚCI
DROP TABLE IF EXISTS `payments`;
CREATE TABLE `payments` (
	`paymentId` int(11) UNSIGNED AUTO_INCREMENT PRIMARY KEY,
	`orderId`int(11) UNSIGNED,
    `paymentDate` date NOT NULL,
    `value` decimal(10,2) NOT NULL,
    CONSTRAINT `payment_orders_fk` FOREIGN KEY (`orderId`) REFERENCES `orders` (`ID`)
    );
    
    INSERT INTO `payments` (`paymentId`,`orderId`,`paymentDate`,`value`) VALUES ('1','1','2019-08-31','1322');
INSERT INTO `payments` (`paymentId`,`orderId`,`paymentDate`,`value`) VALUES ('2','2','2019-06-20','1059');
INSERT INTO `payments` (`paymentId`,`orderId`,`paymentDate`,`value`) VALUES ('3','3','2019-04-10','1271');
INSERT INTO `payments` (`paymentId`,`orderId`,`paymentDate`,`value`) VALUES ('4','4','2019-06-02','1486');
INSERT INTO `payments` (`paymentId`,`orderId`,`paymentDate`,`value`) VALUES ('5','5','2020-01-21','1243');
INSERT INTO `payments` (`paymentId`,`orderId`,`paymentDate`,`value`) VALUES ('6','6','2019-12-08','1424');
INSERT INTO `payments` (`paymentId`,`orderId`,`paymentDate`,`value`) VALUES ('7','7','2019-05-20','1367');
INSERT INTO `payments` (`paymentId`,`orderId`,`paymentDate`,`value`) VALUES ('8','8','2019-12-14','1372');
INSERT INTO `payments` (`paymentId`,`orderId`,`paymentDate`,`value`) VALUES ('9','9','2019-03-10','1287');
INSERT INTO `payments` (`paymentId`,`orderId`,`paymentDate`,`value`) VALUES ('10','10','2019-05-02','1131');
INSERT INTO `payments` (`paymentId`,`orderId`,`paymentDate`,`value`) VALUES ('11','11','2019-06-28','1472');
INSERT INTO `payments` (`paymentId`,`orderId`,`paymentDate`,`value`) VALUES ('12','12','2019-08-12','1331');
INSERT INTO `payments` (`paymentId`,`orderId`,`paymentDate`,`value`) VALUES ('13','13','2019-07-26','1386');
INSERT INTO `payments` (`paymentId`,`orderId`,`paymentDate`,`value`) VALUES ('14','14','2019-06-04','1413');
INSERT INTO `payments` (`paymentId`,`orderId`,`paymentDate`,`value`) VALUES ('15','15','2020-01-23','1233');
INSERT INTO `payments` (`paymentId`,`orderId`,`paymentDate`,`value`) VALUES ('16','16','2020-01-19','1453');
INSERT INTO `payments` (`paymentId`,`orderId`,`paymentDate`,`value`) VALUES ('17','17','2019-07-09','1363');
INSERT INTO `payments` (`paymentId`,`orderId`,`paymentDate`,`value`) VALUES ('18','18','2020-01-08','1129');
INSERT INTO `payments` (`paymentId`,`orderId`,`paymentDate`,`value`) VALUES ('19','19','2019-03-11','1186');
INSERT INTO `payments` (`paymentId`,`orderId`,`paymentDate`,`value`) VALUES ('20','20','2019-05-15','1228');
INSERT INTO `payments` (`paymentId`,`orderId`,`paymentDate`,`value`) VALUES ('21','21','2019-03-07','1367');
INSERT INTO `payments` (`paymentId`,`orderId`,`paymentDate`,`value`) VALUES ('22','22','2019-07-06','1494');
INSERT INTO `payments` (`paymentId`,`orderId`,`paymentDate`,`value`) VALUES ('23','23','2019-08-17','1395');
INSERT INTO `payments` (`paymentId`,`orderId`,`paymentDate`,`value`) VALUES ('24','24','2019-03-03','1260');
INSERT INTO `payments` (`paymentId`,`orderId`,`paymentDate`,`value`) VALUES ('25','25','2019-10-31','1436');
INSERT INTO `payments` (`paymentId`,`orderId`,`paymentDate`,`value`) VALUES ('26','26','2019-12-31','1455');
INSERT INTO `payments` (`paymentId`,`orderId`,`paymentDate`,`value`) VALUES ('27','27','2019-03-23','1220');
INSERT INTO `payments` (`paymentId`,`orderId`,`paymentDate`,`value`) VALUES ('28','28','2019-08-31','1220');
INSERT INTO `payments` (`paymentId`,`orderId`,`paymentDate`,`value`) VALUES ('29','29','2019-04-09','1466');
INSERT INTO `payments` (`paymentId`,`orderId`,`paymentDate`,`value`) VALUES ('30','30','2019-09-17','1126');
INSERT INTO `payments` (`paymentId`,`orderId`,`paymentDate`,`value`) VALUES ('31','31','2019-07-14','1278');
INSERT INTO `payments` (`paymentId`,`orderId`,`paymentDate`,`value`) VALUES ('32','32','2019-05-25','1287');
INSERT INTO `payments` (`paymentId`,`orderId`,`paymentDate`,`value`) VALUES ('33','33','2019-03-04','1186');
INSERT INTO `payments` (`paymentId`,`orderId`,`paymentDate`,`value`) VALUES ('34','34','2019-07-12','1048');
INSERT INTO `payments` (`paymentId`,`orderId`,`paymentDate`,`value`) VALUES ('35','35','2019-07-19','1273');
INSERT INTO `payments` (`paymentId`,`orderId`,`paymentDate`,`value`) VALUES ('36','36','2019-10-18','1429');
INSERT INTO `payments` (`paymentId`,`orderId`,`paymentDate`,`value`) VALUES ('37','37','2019-12-23','1472');
INSERT INTO `payments` (`paymentId`,`orderId`,`paymentDate`,`value`) VALUES ('38','38','2019-08-21','1140');
INSERT INTO `payments` (`paymentId`,`orderId`,`paymentDate`,`value`) VALUES ('39','39','2019-12-20','1301');
INSERT INTO `payments` (`paymentId`,`orderId`,`paymentDate`,`value`) VALUES ('40','40','2019-08-13','1259');
INSERT INTO `payments` (`paymentId`,`orderId`,`paymentDate`,`value`) VALUES ('41','41','2019-06-22','1271');
INSERT INTO `payments` (`paymentId`,`orderId`,`paymentDate`,`value`) VALUES ('42','42','2019-10-08','1272');
INSERT INTO `payments` (`paymentId`,`orderId`,`paymentDate`,`value`) VALUES ('43','43','2019-12-25','1089');
INSERT INTO `payments` (`paymentId`,`orderId`,`paymentDate`,`value`) VALUES ('44','44','2019-07-09','1157');
INSERT INTO `payments` (`paymentId`,`orderId`,`paymentDate`,`value`) VALUES ('45','45','2019-05-18','1184');
INSERT INTO `payments` (`paymentId`,`orderId`,`paymentDate`,`value`) VALUES ('46','46','2020-01-02','1323');
INSERT INTO `payments` (`paymentId`,`orderId`,`paymentDate`,`value`) VALUES ('47','47','2019-06-27','1110');
INSERT INTO `payments` (`paymentId`,`orderId`,`paymentDate`,`value`) VALUES ('48','48','2019-11-01','1047');
INSERT INTO `payments` (`paymentId`,`orderId`,`paymentDate`,`value`) VALUES ('49','49','2020-01-22','1452');
INSERT INTO `payments` (`paymentId`,`orderId`,`paymentDate`,`value`) VALUES ('50','50','2020-01-12','1297');
INSERT INTO `payments` (`paymentId`,`orderId`,`paymentDate`,`value`) VALUES ('51','51','2019-04-18','1276');
INSERT INTO `payments` (`paymentId`,`orderId`,`paymentDate`,`value`) VALUES ('52','52','2019-04-21','1318');
INSERT INTO `payments` (`paymentId`,`orderId`,`paymentDate`,`value`) VALUES ('53','53','2019-11-16','1290');
INSERT INTO `payments` (`paymentId`,`orderId`,`paymentDate`,`value`) VALUES ('54','54','2019-09-21','1170');
INSERT INTO `payments` (`paymentId`,`orderId`,`paymentDate`,`value`) VALUES ('55','55','2019-06-20','1078');
INSERT INTO `payments` (`paymentId`,`orderId`,`paymentDate`,`value`) VALUES ('56','56','2019-05-13','1226');
INSERT INTO `payments` (`paymentId`,`orderId`,`paymentDate`,`value`) VALUES ('57','57','2019-08-08','1125');
INSERT INTO `payments` (`paymentId`,`orderId`,`paymentDate`,`value`) VALUES ('58','58','2019-03-19','1298');
INSERT INTO `payments` (`paymentId`,`orderId`,`paymentDate`,`value`) VALUES ('59','59','2019-04-24','1446');
INSERT INTO `payments` (`paymentId`,`orderId`,`paymentDate`,`value`) VALUES ('60','60','2020-01-08','1090');
INSERT INTO `payments` (`paymentId`,`orderId`,`paymentDate`,`value`) VALUES ('61','61','2019-11-01','1425');
INSERT INTO `payments` (`paymentId`,`orderId`,`paymentDate`,`value`) VALUES ('62','62','2019-10-26','1223');
INSERT INTO `payments` (`paymentId`,`orderId`,`paymentDate`,`value`) VALUES ('63','63','2019-03-10','1378');
INSERT INTO `payments` (`paymentId`,`orderId`,`paymentDate`,`value`) VALUES ('64','64','2019-05-08','1110');
INSERT INTO `payments` (`paymentId`,`orderId`,`paymentDate`,`value`) VALUES ('65','65','2020-01-22','1272');
INSERT INTO `payments` (`paymentId`,`orderId`,`paymentDate`,`value`) VALUES ('66','66','2019-06-17','1150');
INSERT INTO `payments` (`paymentId`,`orderId`,`paymentDate`,`value`) VALUES ('67','67','2019-04-24','1038');
INSERT INTO `payments` (`paymentId`,`orderId`,`paymentDate`,`value`) VALUES ('68','68','2019-03-11','1244');
INSERT INTO `payments` (`paymentId`,`orderId`,`paymentDate`,`value`) VALUES ('69','69','2019-04-13','1290');
INSERT INTO `payments` (`paymentId`,`orderId`,`paymentDate`,`value`) VALUES ('70','70','2019-07-12','1339');
INSERT INTO `payments` (`paymentId`,`orderId`,`paymentDate`,`value`) VALUES ('71','71','2019-03-29','1002');
INSERT INTO `payments` (`paymentId`,`orderId`,`paymentDate`,`value`) VALUES ('72','72','2019-04-05','1061');
INSERT INTO `payments` (`paymentId`,`orderId`,`paymentDate`,`value`) VALUES ('73','73','2019-07-25','1111');
INSERT INTO `payments` (`paymentId`,`orderId`,`paymentDate`,`value`) VALUES ('74','74','2019-11-13','1091');
INSERT INTO `payments` (`paymentId`,`orderId`,`paymentDate`,`value`) VALUES ('75','75','2019-05-12','1219');
INSERT INTO `payments` (`paymentId`,`orderId`,`paymentDate`,`value`) VALUES ('76','76','2019-04-14','1296');
INSERT INTO `payments` (`paymentId`,`orderId`,`paymentDate`,`value`) VALUES ('77','77','2019-08-16','1414');
INSERT INTO `payments` (`paymentId`,`orderId`,`paymentDate`,`value`) VALUES ('78','78','2019-11-09','1329');
INSERT INTO `payments` (`paymentId`,`orderId`,`paymentDate`,`value`) VALUES ('79','79','2019-06-18','1344');
INSERT INTO `payments` (`paymentId`,`orderId`,`paymentDate`,`value`) VALUES ('80','80','2019-05-11','1365');
INSERT INTO `payments` (`paymentId`,`orderId`,`paymentDate`,`value`) VALUES ('81','81','2020-01-07','1125');
INSERT INTO `payments` (`paymentId`,`orderId`,`paymentDate`,`value`) VALUES ('82','82','2019-04-21','1119');
INSERT INTO `payments` (`paymentId`,`orderId`,`paymentDate`,`value`) VALUES ('83','83','2019-11-20','1183');
INSERT INTO `payments` (`paymentId`,`orderId`,`paymentDate`,`value`) VALUES ('84','84','2019-04-11','1415');
INSERT INTO `payments` (`paymentId`,`orderId`,`paymentDate`,`value`) VALUES ('85','85','2019-12-15','1289');
INSERT INTO `payments` (`paymentId`,`orderId`,`paymentDate`,`value`) VALUES ('86','86','2019-03-03','1261');
INSERT INTO `payments` (`paymentId`,`orderId`,`paymentDate`,`value`) VALUES ('87','87','2019-05-21','1141');
INSERT INTO `payments` (`paymentId`,`orderId`,`paymentDate`,`value`) VALUES ('88','88','2019-05-08','1414');
INSERT INTO `payments` (`paymentId`,`orderId`,`paymentDate`,`value`) VALUES ('89','89','2019-03-09','1059');
INSERT INTO `payments` (`paymentId`,`orderId`,`paymentDate`,`value`) VALUES ('90','90','2019-10-31','1086');
INSERT INTO `payments` (`paymentId`,`orderId`,`paymentDate`,`value`) VALUES ('91','91','2019-09-19','1004');
INSERT INTO `payments` (`paymentId`,`orderId`,`paymentDate`,`value`) VALUES ('92','92','2019-04-17','1484');
INSERT INTO `payments` (`paymentId`,`orderId`,`paymentDate`,`value`) VALUES ('93','93','2020-01-04','1310');
INSERT INTO `payments` (`paymentId`,`orderId`,`paymentDate`,`value`) VALUES ('94','94','2019-04-08','1382');
INSERT INTO `payments` (`paymentId`,`orderId`,`paymentDate`,`value`) VALUES ('95','95','2019-10-26','1093');
INSERT INTO `payments` (`paymentId`,`orderId`,`paymentDate`,`value`) VALUES ('96','96','2019-07-30','1081');
INSERT INTO `payments` (`paymentId`,`orderId`,`paymentDate`,`value`) VALUES ('97','97','2020-01-29','1031');
INSERT INTO `payments` (`paymentId`,`orderId`,`paymentDate`,`value`) VALUES ('98','98','2019-06-13','1132');
INSERT INTO `payments` (`paymentId`,`orderId`,`paymentDate`,`value`) VALUES ('99','99','2019-03-08','1325');
INSERT INTO `payments` (`paymentId`,`orderId`,`paymentDate`,`value`) VALUES ('100','100','2019-07-03','1322');
INSERT INTO `payments` (`paymentId`,`orderId`,`paymentDate`,`value`) VALUES ('101','101','2019-04-19','1471');
INSERT INTO `payments` (`paymentId`,`orderId`,`paymentDate`,`value`) VALUES ('102','102','2019-06-15','1328');
INSERT INTO `payments` (`paymentId`,`orderId`,`paymentDate`,`value`) VALUES ('103','103','2019-10-22','1383');
INSERT INTO `payments` (`paymentId`,`orderId`,`paymentDate`,`value`) VALUES ('104','104','2020-01-14','1082');
INSERT INTO `payments` (`paymentId`,`orderId`,`paymentDate`,`value`) VALUES ('105','105','2019-12-16','1419');
INSERT INTO `payments` (`paymentId`,`orderId`,`paymentDate`,`value`) VALUES ('106','106','2019-04-14','1101');
INSERT INTO `payments` (`paymentId`,`orderId`,`paymentDate`,`value`) VALUES ('107','107','2020-01-04','1378');
INSERT INTO `payments` (`paymentId`,`orderId`,`paymentDate`,`value`) VALUES ('108','108','2019-06-20','1332');
INSERT INTO `payments` (`paymentId`,`orderId`,`paymentDate`,`value`) VALUES ('109','109','2019-06-06','1430');
INSERT INTO `payments` (`paymentId`,`orderId`,`paymentDate`,`value`) VALUES ('110','110','2019-11-22','1221');
INSERT INTO `payments` (`paymentId`,`orderId`,`paymentDate`,`value`) VALUES ('111','111','2019-11-11','1196');
INSERT INTO `payments` (`paymentId`,`orderId`,`paymentDate`,`value`) VALUES ('112','112','2019-03-12','1055');
INSERT INTO `payments` (`paymentId`,`orderId`,`paymentDate`,`value`) VALUES ('113','113','2019-07-15','1341');
INSERT INTO `payments` (`paymentId`,`orderId`,`paymentDate`,`value`) VALUES ('114','114','2019-12-28','1380');
INSERT INTO `payments` (`paymentId`,`orderId`,`paymentDate`,`value`) VALUES ('115','115','2019-11-19','1471');
INSERT INTO `payments` (`paymentId`,`orderId`,`paymentDate`,`value`) VALUES ('116','116','2019-06-16','1129');
INSERT INTO `payments` (`paymentId`,`orderId`,`paymentDate`,`value`) VALUES ('117','117','2019-08-27','1140');
INSERT INTO `payments` (`paymentId`,`orderId`,`paymentDate`,`value`) VALUES ('118','118','2019-06-30','1111');
INSERT INTO `payments` (`paymentId`,`orderId`,`paymentDate`,`value`) VALUES ('119','119','2019-10-20','1043');
INSERT INTO `payments` (`paymentId`,`orderId`,`paymentDate`,`value`) VALUES ('120','120','2019-12-26','1199');
INSERT INTO `payments` (`paymentId`,`orderId`,`paymentDate`,`value`) VALUES ('121','121','2020-01-29','1198');
INSERT INTO `payments` (`paymentId`,`orderId`,`paymentDate`,`value`) VALUES ('122','122','2019-07-05','1047');
INSERT INTO `payments` (`paymentId`,`orderId`,`paymentDate`,`value`) VALUES ('123','123','2019-11-27','1183');
INSERT INTO `payments` (`paymentId`,`orderId`,`paymentDate`,`value`) VALUES ('124','124','2019-12-13','1007');
INSERT INTO `payments` (`paymentId`,`orderId`,`paymentDate`,`value`) VALUES ('125','125','2019-06-22','1430');
INSERT INTO `payments` (`paymentId`,`orderId`,`paymentDate`,`value`) VALUES ('126','126','2019-07-23','1276');
INSERT INTO `payments` (`paymentId`,`orderId`,`paymentDate`,`value`) VALUES ('127','127','2019-09-11','1089');
INSERT INTO `payments` (`paymentId`,`orderId`,`paymentDate`,`value`) VALUES ('128','128','2020-01-02','1461');
INSERT INTO `payments` (`paymentId`,`orderId`,`paymentDate`,`value`) VALUES ('129','129','2019-08-07','1408');
INSERT INTO `payments` (`paymentId`,`orderId`,`paymentDate`,`value`) VALUES ('130','130','2019-09-14','1415');
INSERT INTO `payments` (`paymentId`,`orderId`,`paymentDate`,`value`) VALUES ('131','131','2019-07-28','1283');
INSERT INTO `payments` (`paymentId`,`orderId`,`paymentDate`,`value`) VALUES ('132','132','2019-04-09','1379');
INSERT INTO `payments` (`paymentId`,`orderId`,`paymentDate`,`value`) VALUES ('133','133','2019-12-18','1242');
INSERT INTO `payments` (`paymentId`,`orderId`,`paymentDate`,`value`) VALUES ('134','134','2019-03-26','1165');
INSERT INTO `payments` (`paymentId`,`orderId`,`paymentDate`,`value`) VALUES ('135','135','2019-03-20','1462');
INSERT INTO `payments` (`paymentId`,`orderId`,`paymentDate`,`value`) VALUES ('136','136','2019-06-11','1160');
INSERT INTO `payments` (`paymentId`,`orderId`,`paymentDate`,`value`) VALUES ('137','137','2019-08-12','1267');
INSERT INTO `payments` (`paymentId`,`orderId`,`paymentDate`,`value`) VALUES ('138','138','2020-01-18','1340');
INSERT INTO `payments` (`paymentId`,`orderId`,`paymentDate`,`value`) VALUES ('139','139','2020-01-04','1492');
INSERT INTO `payments` (`paymentId`,`orderId`,`paymentDate`,`value`) VALUES ('140','140','2019-03-25','1197');
INSERT INTO `payments` (`paymentId`,`orderId`,`paymentDate`,`value`) VALUES ('141','141','2019-03-30','1061');
INSERT INTO `payments` (`paymentId`,`orderId`,`paymentDate`,`value`) VALUES ('142','142','2019-03-21','1188');
INSERT INTO `payments` (`paymentId`,`orderId`,`paymentDate`,`value`) VALUES ('143','143','2019-09-25','1252');
INSERT INTO `payments` (`paymentId`,`orderId`,`paymentDate`,`value`) VALUES ('144','144','2019-12-18','1402');
INSERT INTO `payments` (`paymentId`,`orderId`,`paymentDate`,`value`) VALUES ('145','145','2020-01-03','1067');
INSERT INTO `payments` (`paymentId`,`orderId`,`paymentDate`,`value`) VALUES ('146','146','2019-11-16','1222');
INSERT INTO `payments` (`paymentId`,`orderId`,`paymentDate`,`value`) VALUES ('147','147','2019-10-14','1030');
INSERT INTO `payments` (`paymentId`,`orderId`,`paymentDate`,`value`) VALUES ('148','148','2019-08-26','1208');
INSERT INTO `payments` (`paymentId`,`orderId`,`paymentDate`,`value`) VALUES ('149','149','2019-04-15','1334');
INSERT INTO `payments` (`paymentId`,`orderId`,`paymentDate`,`value`) VALUES ('150','150','2019-10-16','1074');
INSERT INTO `payments` (`paymentId`,`orderId`,`paymentDate`,`value`) VALUES ('151','151','2019-03-24','1408');
INSERT INTO `payments` (`paymentId`,`orderId`,`paymentDate`,`value`) VALUES ('152','152','2019-12-16','1031');
INSERT INTO `payments` (`paymentId`,`orderId`,`paymentDate`,`value`) VALUES ('153','153','2019-04-18','1122');
INSERT INTO `payments` (`paymentId`,`orderId`,`paymentDate`,`value`) VALUES ('154','154','2019-07-14','1090');
INSERT INTO `payments` (`paymentId`,`orderId`,`paymentDate`,`value`) VALUES ('155','155','2019-09-09','1038');
INSERT INTO `payments` (`paymentId`,`orderId`,`paymentDate`,`value`) VALUES ('156','156','2020-01-04','1051');
INSERT INTO `payments` (`paymentId`,`orderId`,`paymentDate`,`value`) VALUES ('157','157','2020-01-01','1367');
INSERT INTO `payments` (`paymentId`,`orderId`,`paymentDate`,`value`) VALUES ('158','158','2019-08-25','1128');
INSERT INTO `payments` (`paymentId`,`orderId`,`paymentDate`,`value`) VALUES ('159','159','2019-12-17','1012');
INSERT INTO `payments` (`paymentId`,`orderId`,`paymentDate`,`value`) VALUES ('160','160','2019-07-20','1275');
INSERT INTO `payments` (`paymentId`,`orderId`,`paymentDate`,`value`) VALUES ('161','161','2020-01-15','1042');
INSERT INTO `payments` (`paymentId`,`orderId`,`paymentDate`,`value`) VALUES ('162','162','2019-06-13','1295');
INSERT INTO `payments` (`paymentId`,`orderId`,`paymentDate`,`value`) VALUES ('163','163','2020-01-08','1154');
INSERT INTO `payments` (`paymentId`,`orderId`,`paymentDate`,`value`) VALUES ('164','164','2019-07-30','1284');
INSERT INTO `payments` (`paymentId`,`orderId`,`paymentDate`,`value`) VALUES ('165','165','2019-03-29','1461');
INSERT INTO `payments` (`paymentId`,`orderId`,`paymentDate`,`value`) VALUES ('166','166','2019-12-21','1116');
INSERT INTO `payments` (`paymentId`,`orderId`,`paymentDate`,`value`) VALUES ('167','167','2019-09-25','1444');
INSERT INTO `payments` (`paymentId`,`orderId`,`paymentDate`,`value`) VALUES ('168','168','2019-11-15','1227');
INSERT INTO `payments` (`paymentId`,`orderId`,`paymentDate`,`value`) VALUES ('169','169','2019-12-29','1456');
INSERT INTO `payments` (`paymentId`,`orderId`,`paymentDate`,`value`) VALUES ('170','170','2019-03-07','1436');
INSERT INTO `payments` (`paymentId`,`orderId`,`paymentDate`,`value`) VALUES ('171','171','2019-11-24','1425');
INSERT INTO `payments` (`paymentId`,`orderId`,`paymentDate`,`value`) VALUES ('172','172','2020-01-26','1016');
INSERT INTO `payments` (`paymentId`,`orderId`,`paymentDate`,`value`) VALUES ('173','173','2019-10-02','1124');
INSERT INTO `payments` (`paymentId`,`orderId`,`paymentDate`,`value`) VALUES ('174','174','2019-07-31','1176');
INSERT INTO `payments` (`paymentId`,`orderId`,`paymentDate`,`value`) VALUES ('175','175','2019-03-22','1419');
INSERT INTO `payments` (`paymentId`,`orderId`,`paymentDate`,`value`) VALUES ('176','176','2019-04-19','1192');
INSERT INTO `payments` (`paymentId`,`orderId`,`paymentDate`,`value`) VALUES ('177','177','2019-06-08','1399');
INSERT INTO `payments` (`paymentId`,`orderId`,`paymentDate`,`value`) VALUES ('178','178','2019-12-16','1450');
INSERT INTO `payments` (`paymentId`,`orderId`,`paymentDate`,`value`) VALUES ('179','179','2019-10-16','1401');
INSERT INTO `payments` (`paymentId`,`orderId`,`paymentDate`,`value`) VALUES ('180','180','2019-03-19','1232');
INSERT INTO `payments` (`paymentId`,`orderId`,`paymentDate`,`value`) VALUES ('181','181','2019-06-29','1023');
INSERT INTO `payments` (`paymentId`,`orderId`,`paymentDate`,`value`) VALUES ('182','182','2019-08-18','1308');
INSERT INTO `payments` (`paymentId`,`orderId`,`paymentDate`,`value`) VALUES ('183','183','2019-08-17','1264');
INSERT INTO `payments` (`paymentId`,`orderId`,`paymentDate`,`value`) VALUES ('184','184','2019-03-04','1145');
INSERT INTO `payments` (`paymentId`,`orderId`,`paymentDate`,`value`) VALUES ('185','185','2019-09-24','1399');
INSERT INTO `payments` (`paymentId`,`orderId`,`paymentDate`,`value`) VALUES ('186','186','2019-06-02','1303');
INSERT INTO `payments` (`paymentId`,`orderId`,`paymentDate`,`value`) VALUES ('187','187','2019-12-26','1197');
INSERT INTO `payments` (`paymentId`,`orderId`,`paymentDate`,`value`) VALUES ('188','188','2019-07-13','1266');
INSERT INTO `payments` (`paymentId`,`orderId`,`paymentDate`,`value`) VALUES ('189','189','2019-12-21','1431');
INSERT INTO `payments` (`paymentId`,`orderId`,`paymentDate`,`value`) VALUES ('190','190','2019-07-25','1209');
INSERT INTO `payments` (`paymentId`,`orderId`,`paymentDate`,`value`) VALUES ('191','191','2019-04-04','1041');
INSERT INTO `payments` (`paymentId`,`orderId`,`paymentDate`,`value`) VALUES ('192','192','2019-08-01','1473');
INSERT INTO `payments` (`paymentId`,`orderId`,`paymentDate`,`value`) VALUES ('193','193','2019-06-02','1004');
INSERT INTO `payments` (`paymentId`,`orderId`,`paymentDate`,`value`) VALUES ('194','194','2019-03-03','1196');
INSERT INTO `payments` (`paymentId`,`orderId`,`paymentDate`,`value`) VALUES ('195','195','2019-04-15','1257');
INSERT INTO `payments` (`paymentId`,`orderId`,`paymentDate`,`value`) VALUES ('196','196','2020-01-20','1465');
INSERT INTO `payments` (`paymentId`,`orderId`,`paymentDate`,`value`) VALUES ('197','197','2019-06-14','1312');
INSERT INTO `payments` (`paymentId`,`orderId`,`paymentDate`,`value`) VALUES ('198','198','2020-01-29','1201');
INSERT INTO `payments` (`paymentId`,`orderId`,`paymentDate`,`value`) VALUES ('199','199','2019-08-29','1192');
INSERT INTO `payments` (`paymentId`,`orderId`,`paymentDate`,`value`) VALUES ('200','200','2019-08-18','1267');
-- TABELA CEN
DROP TABLE IF EXISTS `prices`;
create table `prices` (
	`ID` int(11) UNSIGNED AUTO_INCREMENT PRIMARY KEY,
    `value` decimal(10,2) NOT NULL,
    `validFrom` datetime NOT NULL,
    `validTo` datetime NOT NULL,
    `conferenceID` int(11) UNSIGNED,
	KEY `conferenceID` (`conferenceID`),
	CONSTRAINT `prices_conferences_ibfk` FOREIGN KEY (`conferenceID`) REFERENCES `conferences` (`ID`)
    );
    
    insert into prices (ID, value, validFrom, validTo, conferenceID) values (1, 300, '2019-02-01', '2019-03-15', 2); 
insert into prices (ID, value, validFrom, validTo, conferenceID) values (2, 490, '2019-03-16', '2019-05-10', 2); 
insert into prices (ID, value, validFrom, validTo, conferenceID) values (3, 500, '2019-03-11', '2019-05-27', 7);
insert into prices (ID, value, validFrom, validTo, conferenceID) values (4, 670, '2019-04-16', '2019-05-31', 10); 
insert into prices (ID, value, validFrom, validTo, conferenceID) values (5, 500, '2018-12-12', '2019-01-15', 3);  
insert into prices (ID, value, validFrom, validTo, conferenceID) values (6, 800, '2019-06-01', '2019-09-10', 10); 
insert into prices (ID, value, validFrom, validTo, conferenceID) values (7, 750, '2018-12-14', '2019-01-31', 17);  
insert into prices (ID, value, validFrom, validTo, conferenceID) values (8, 600, '2019-01-01', '2019-02-12', 16); 
insert into prices (ID, value, validFrom, validTo, conferenceID) values (9, 600, '2019-02-11', '2019-04-21', 18); 
insert into prices (ID, value, validFrom, validTo, conferenceID) values (10, 735, '2019-05-26', '2019-09-14', 8); 
insert into prices (ID, value, validFrom, validTo, conferenceID) values (11, 653, '2019-04-01', '2019-07-07', 11); 
insert into prices (ID, value, validFrom, validTo, conferenceID) values (13, 490, '2019-02-01', '2019-03-31', 11); 
insert into prices (ID, value, validFrom, validTo, conferenceID) values (12, 600, '2019-06-20', '2019-08-20', 19); 
insert into prices (ID, value, validFrom, validTo, conferenceID) values (14, 670, '2019-03-12', '2019-04-30', 15); 
insert into prices (ID, value, validFrom, validTo, conferenceID) values (15, 490, '2019-01-01', '2019-02-10', 18); 
insert into prices (ID, value, validFrom, validTo, conferenceID) values (16, 440, '2019-02-16', '2019-04-28', 4); 
insert into prices (ID, value, validFrom, validTo, conferenceID) values (17, 888, '2019-05-06', '2019-07-15', 6); 
insert into prices (ID, value, validFrom, validTo, conferenceID) values (18, 738, '2019-01-15', '2019-03-27', 3); 
insert into prices (ID, value, validFrom, validTo, conferenceID) values (19, 655, '2019-03-29', '2019-05-07', 5); 
insert into prices (ID, value, validFrom, validTo, conferenceID) values (20, 600, '2019-02-14', '2019-04-05', 1); 
insert into prices (ID, value, validFrom, validTo, conferenceID) values (21, 690, '2019-03-20', '2019-05-05', 6); 
insert into prices (ID, value, validFrom, validTo, conferenceID) values (22, 900, '2019-02-01', '2019-04-17', 17);   
insert into prices (ID, value, validFrom, validTo, conferenceID) values (23, 700, '2019-02-13', '2019-04-28', 16); 
insert into prices (ID, value, validFrom, validTo, conferenceID) values (24, 670, '2019-07-25', '2019-09-30', 20); 
insert into prices (ID, value, validFrom, validTo, conferenceID) values (25, 400, '2019-01-26', '2019-03-10', 7);  
insert into prices (ID, value, validFrom, validTo, conferenceID) values (26, 500, '2019-05-29', '2019-06-19', 19);  
insert into prices (ID, value, validFrom, validTo, conferenceID) values (27, 325, '2019-01-01', '2019-02-13', 1); 
insert into prices (ID, value, validFrom, validTo, conferenceID) values (28, 600, '2018-12-01', '2019-01-31', 12); 
insert into prices (ID, value, validFrom, validTo, conferenceID) values (29, 500, '2019-02-01', '2019-03-15', 13); 
insert into prices (ID, value, validFrom, validTo, conferenceID) values (30, 800, '2019-10-01', '2019-12-14', 20); 
insert into prices (ID, value, validFrom, validTo, conferenceID) values (31, 600, '2019-03-16', '2019-05-18', 13); 
insert into prices (ID, value, validFrom, validTo, conferenceID) values (32, 650, '2019-04-01', '2019-05-25', 8); 
insert into prices (ID, value, validFrom, validTo, conferenceID) values (33, 775, '2019-05-01', '2019-07-05', 15); 
insert into prices (ID, value, validFrom, validTo, conferenceID) values (34, 750, '2019-02-01', '2019-04-21', 12); 
insert into prices (ID, value, validFrom, validTo, conferenceID) values (35, 400, '2019-02-01', '2019-03-28', 5); 
insert into prices (ID, value, validFrom, validTo, conferenceID) values (36, 436, '2019-02-01', '2019-02-28', 14); 
insert into prices (ID, value, validFrom, validTo, conferenceID) values (37, 390, '2019-03-15', '2019-05-10', 9); 
insert into prices (ID, value, validFrom, validTo, conferenceID) values (38, 695, '2019-03-01', '2019-06-27', 14); 
insert into prices (ID, value, validFrom, validTo, conferenceID) values (39, 300, '2019-01-01', '2019-02-15', 4);  
insert into prices (ID, value, validFrom, validTo, conferenceID) values (40, 530, '2019-05-10', '2019-07-24', 9); 


/*!40101 SET SQL_MODE=@OLD_SQL_MODE */;
/*!40014 SET FOREIGN_KEY_CHECKS=@OLD_FOREIGN_KEY_CHECKS */;
/*!40014 SET UNIQUE_CHECKS=@OLD_UNIQUE_CHECKS */;
/*!40111 SET SQL_NOTES=@OLD_SQL_NOTES */;

  

   
